account_id,client_id,region,product,collateral_value,loan_amount,margin_requirement_pct,required_collateral,eligible_collateral,exposure,margin_deficit,margin_call_amount,call_date,due_date,status,days_to_due,risk_band
ACC10001,CL1001,US,Equity,67876.54,49336.45,0.55,109393.46,117996.32,0.0,0.0,0.0,2026-08-01,2026-08-04,Met,-13,Low
ACC10002,CL1002,Singapore,Multi-Asset,2466244.06,1777797.96,0.7,5906305.51,6786240.63,0.0,0.0,0.0,2026-08-10,2026-08-11,Met,-6,Low
ACC10003,CL1003,Hong Kong,ETF,156032.66,129655.48,0.7,430749.1,319643.33,0.0,111105.77,111105.77,2026-07-01,2026-07-03,Met,-45,Critical
ACC10004,CL1004,UK,Equity,128791.61,111639.78,0.6,278403.44,249603.15,0.0,28800.29,28800.29,2026-08-03,2026-08-04,Met,-13,High
ACC10005,CL1005,US,Equity,952578.53,638437.83,0.6,1592114.29,1194281.2,0.0,397833.09,397833.09,2026-06-25,2026-06-26,Met,-52,Critical
ACC10006,CL1006,US,Fixed Income,2757442.85,1657682.61,0.6,4133871.85,2928005.89,0.0,1205865.96,1205865.96,2026-07-08,2026-07-09,Disputed,-39,Critical
ACC10007,CL1007,US,ETF,1249438.26,724258.69,0.7,2406175.05,2480428.03,0.0,0.0,0.0,2026-06-14,2026-06-17,Met,-61,Low
ACC10008,CL1008,Singapore,ETF,675313.19,369606.96,0.7,1227930.1,1229433.97,0.0,0.0,0.0,2026-06-08,2026-06-09,Met,-69,Low
ACC10009,CL1009,UK,Multi-Asset,691117.93,330923.71,0.5,660526.37,516207.67,0.0,144318.7,144318.7,2026-07-24,2026-07-26,Met,-22,Critical
ACC10010,CL1010,Hong Kong,Fixed Income,839080.28,521256.8,0.6,1299892.27,1061890.34,0.0,238001.93,238001.93,2026-06-02,2026-06-03,Met,-75,Critical
ACC10011,CL1011,US,Equity,781676.65,457377.65,0.6,1140592.64,811935.29,0.0,328657.35,328657.35,2026-07-26,2026-07-27,Open,-21,Critical
ACC10012,CL1012,Singapore,Equity,546283.62,509796.62,0.6,1271313.27,1420659.02,0.0,0.0,0.0,2026-07-31,2026-08-01,Met,-16,Low
ACC10013,CL1013,Hong Kong,Equity,478375.29,348665.94,0.55,773095.21,917930.96,0.0,0.0,0.0,2026-06-22,2026-06-23,Met,-55,Low
ACC10014,CL1014,US,Fixed Income,422124.32,263252.99,0.65,750008.52,575803.87,0.0,174204.65,174204.65,2026-07-05,2026-07-06,Met,-42,Critical
ACC10015,CL1015,US,Equity,251331.12,186043.79,0.65,530039.29,432372.98,0.0,97666.31,97666.31,2026-06-16,2026-06-17,Met,-61,High
ACC10016,CL1016,US,ETF,358431.8,186240.57,0.65,530599.91,601808.94,0.0,0.0,0.0,2026-07-20,2026-07-21,Met,-27,Low
ACC10017,CL1017,US,Fixed Income,124278.76,83518.05,0.65,237943.16,276783.07,0.0,0.0,0.0,2026-07-13,2026-07-14,Met,-34,Low
ACC10018,CL1018,UK,Multi-Asset,410957.58,313608.78,0.65,893472.31,812893.34,0.0,80578.97,80578.97,2026-06-17,2026-06-20,Met,-58,High
ACC10019,CL1019,UK,Equity,210777.15,146373.96,0.6,365022.34,264754.8,0.0,100267.54,100267.54,2026-07-28,2026-07-31,Open,-17,Critical
ACC10020,CL1020,US,Fixed Income,193359.81,125855.85,0.6,313854.99,225880.15,0.0,87974.84,87974.84,2026-06-02,2026-06-03,Open,-75,High
ACC10021,CL1021,UK,Equity,506318.2,479444.95,0.55,1063070.84,1049224.27,0.0,13846.57,13846.57,2026-06-04,2026-06-06,Met,-72,Medium
ACC10022,CL1022,US,Fixed Income,1256702.41,1118662.93,0.65,3187073.87,2857044.58,0.0,330029.29,330029.29,2026-07-09,2026-07-12,Met,-36,Critical
ACC10023,CL1023,US,Equity,880933.53,671009.69,0.55,1487826.36,1062793.37,0.0,425032.99,425032.99,2026-06-06,2026-06-07,Disputed,-71,Critical
ACC10024,CL1024,US,Equity,136233.36,100089.11,0.65,285154.16,282766.33,0.0,2387.83,2387.83,2026-08-08,2026-08-10,Met,-7,Medium
ACC10025,CL1025,UK,Fixed Income,210613.27,160135.64,0.55,355067.94,250554.14,0.0,104513.8,104513.8,2026-08-08,2026-08-11,Met,-6,Critical
ACC10026,CL1026,Hong Kong,Equity,895894.9,493329.95,0.5,984690.52,1076942.22,0.0,0.0,0.0,2026-06-20,2026-06-21,Met,-57,Low
ACC10027,CL1027,US,Equity,211744.25,137118.99,0.55,304033.24,259406.15,0.0,44627.09,44627.09,2026-08-03,2026-08-04,Met,-13,High
ACC10028,CL1028,UK,Fixed Income,373818.3,175593.58,0.5,350486.19,252395.27,0.0,98090.92,98090.92,2026-06-16,2026-06-19,Open,-59,High
ACC10029,CL1029,UK,Fixed Income,668331.16,459660.14,0.65,1309573.05,1301946.24,0.0,7626.81,7626.81,2026-07-21,2026-07-22,Overdue,-26,Medium
ACC10030,CL1030,US,ETF,214002.22,154405.23,0.65,439900.94,395401.53,0.0,44499.41,44499.41,2026-07-07,2026-07-08,Met,-40,High
ACC10031,CL1031,UK,Fixed Income,478796.83,269981.5,0.6,673270.57,799104.98,0.0,0.0,0.0,2026-08-12,2026-08-13,Met,-4,Low
ACC10032,CL1032,US,ETF,162670.32,151611.08,0.55,336166.47,326787.2,0.0,9379.27,9379.27,2026-08-08,2026-08-09,Overdue,-8,Medium
ACC10033,CL1033,US,Equity,281806.03,254957.61,0.5,508897.43,426262.46,0.0,82634.97,82634.97,2026-07-12,2026-07-14,Met,-34,High
ACC10034,CL1034,Singapore,Equity,562325.67,456086.39,0.5,910352.08,960166.03,0.0,0.0,0.0,2026-07-27,2026-07-29,Met,-19,Low
ACC10035,CL1035,Singapore,Equity,133954.4,96004.22,0.55,212869.67,177904.98,0.0,34964.69,34964.69,2026-08-05,2026-08-08,Met,-9,High
ACC10036,CL1036,Hong Kong,Multi-Asset,615602.08,544798.35,0.7,1809961.3,2085295.59,0.0,0.0,0.0,2026-06-09,2026-06-10,Met,-68,Low
ACC10037,CL1037,US,ETF,435945.12,224653.93,0.55,498124.01,442015.81,0.0,56108.2,56108.2,2026-08-03,2026-08-04,Overdue,-13,High
ACC10038,CL1038,US,Equity,669554.25,565944.01,0.6,1411331.7,1375955.66,0.0,35376.04,35376.04,2026-06-22,2026-06-23,Met,-55,High
ACC10039,CL1039,Hong Kong,ETF,523313.3,268151.18,0.5,535231.9,388196.5,0.0,147035.4,147035.4,2026-07-04,2026-07-05,Open,-43,Critical
ACC10040,CL1040,UK,Multi-Asset,1230714.34,1042544.68,0.55,2311629.0,2110657.41,0.0,200971.59,200971.59,2026-07-25,2026-07-26,Met,-22,Critical
ACC10041,CL1041,US,Equity,485977.87,285698.51,0.6,712465.11,795240.57,0.0,0.0,0.0,2026-06-29,2026-07-02,Met,-46,Low
ACC10042,CL1042,UK,ETF,320598.82,284866.57,0.6,710390.45,783435.92,0.0,0.0,0.0,2026-07-08,2026-07-10,Met,-38,Low
ACC10043,CL1043,US,ETF,484912.2,447099.25,0.55,991350.89,805134.82,0.0,186216.07,186216.07,2026-06-18,2026-06-19,Overdue,-59,Critical
ACC10044,CL1044,Singapore,ETF,664954.25,348700.67,0.5,696009.32,565883.09,0.0,130126.23,130126.23,2026-08-10,2026-08-12,Met,-5,Critical
ACC10045,CL1045,US,Equity,458926.37,312683.88,0.6,779760.3,864483.33,0.0,0.0,0.0,2026-08-04,2026-08-05,Met,-12,Low
ACC10046,CL1046,Hong Kong,Multi-Asset,456089.24,428949.05,0.55,951106.54,1108228.59,0.0,0.0,0.0,2026-06-01,2026-06-02,Met,-76,Low
ACC10047,CL1047,US,Multi-Asset,261321.37,180756.96,0.55,400791.49,299663.97,0.0,101127.52,101127.52,2026-06-04,2026-06-06,Overdue,-72,Critical
ACC10048,CL1048,UK,ETF,269096.23,237281.99,0.7,788312.26,729211.95,0.0,59100.31,59100.31,2026-06-04,2026-06-05,Met,-73,High
ACC10049,CL1049,UK,Fixed Income,154514.94,115015.63,0.6,286822.02,249170.07,0.0,37651.95,37651.95,2026-06-27,2026-06-30,Overdue,-48,High
ACC10050,CL1050,US,Multi-Asset,1643243.45,1047838.76,0.6,2613064.24,2966727.4,0.0,0.0,0.0,2026-07-13,2026-07-15,Met,-33,Low
ACC10051,CL1051,Singapore,Fixed Income,174050.81,103193.29,0.6,257339.88,190885.06,0.0,66454.82,66454.82,2026-07-29,2026-07-30,Met,-18,High
ACC10052,CL1052,Hong Kong,Equity,263108.32,145133.59,0.6,361929.15,291556.72,0.0,70372.43,70372.43,2026-07-02,2026-07-04,Overdue,-44,High
ACC10053,CL1053,Singapore,ETF,258123.79,214474.82,0.6,534849.93,575623.77,0.0,0.0,0.0,2026-07-03,2026-07-04,Met,-44,Low
ACC10054,CL1054,Singapore,ETF,865613.07,556823.14,0.65,1586390.71,1151159.54,0.0,435231.17,435231.17,2026-06-28,2026-06-29,Met,-49,Critical
ACC10055,CL1055,UK,Equity,354614.92,250229.67,0.65,712905.04,674599.01,0.0,38306.03,38306.03,2026-07-25,2026-07-26,Disputed,-22,High
ACC10056,CL1056,Singapore,Fixed Income,1127830.64,785153.67,0.55,1740917.23,1603477.94,0.0,137439.29,137439.29,2026-07-30,2026-07-31,Met,-17,Critical
ACC10057,CL1057,US,Multi-Asset,266967.45,197192.71,0.6,491752.39,426447.96,0.0,65304.43,65304.43,2026-08-09,2026-08-11,Met,-6,High
ACC10058,CL1058,US,Multi-Asset,545384.11,481458.86,0.6,1200645.54,1077322.62,0.0,123322.92,123322.92,2026-08-01,2026-08-02,Open,-15,Critical
ACC10059,CL1059,US,ETF,236449.45,222349.89,0.7,738703.95,712827.37,0.0,25876.58,25876.58,2026-07-04,2026-07-06,Met,-42,High
ACC10060,CL1060,US,Equity,2210793.03,1445399.03,0.65,4117945.95,3214813.19,0.0,903132.76,903132.76,2026-07-26,2026-07-28,Met,-20,Critical
ACC10061,CL1061,UK,Multi-Asset,181552.69,156817.85,0.6,391066.96,385591.22,0.0,5475.74,5475.74,2026-06-13,2026-06-14,Disputed,-64,Medium
ACC10062,CL1062,US,Fixed Income,558140.24,464519.97,0.5,927185.57,1022422.52,0.0,0.0,0.0,2026-07-26,2026-07-28,Met,-20,Low
ACC10063,CL1063,Hong Kong,Equity,711643.71,524313.8,0.6,1307515.71,1412222.18,0.0,0.0,0.0,2026-06-18,2026-06-19,Met,-59,Low
ACC10064,CL1064,US,Multi-Asset,603408.28,559977.11,0.5,1117718.78,868411.55,0.0,249307.23,249307.23,2026-07-24,2026-07-25,Disputed,-23,Critical
ACC10065,CL1065,US,Multi-Asset,385013.72,211848.89,0.6,528301.47,409235.39,0.0,119066.08,119066.08,2026-07-13,2026-07-14,Met,-34,Critical
ACC10066,CL1066,UK,ETF,401368.19,202543.27,0.55,449098.16,374587.02,0.0,74511.14,74511.14,2026-07-09,2026-07-10,Disputed,-38,High
ACC10067,CL1067,US,ETF,457191.95,400948.65,0.65,1142303.85,1005841.22,0.0,136462.63,136462.63,2026-07-31,2026-08-01,Open,-16,Critical
ACC10068,CL1068,Hong Kong,Equity,396229.35,265305.23,0.55,588259.93,531920.98,0.0,56338.95,56338.95,2026-07-12,2026-07-14,Met,-34,High
ACC10069,CL1069,US,Equity,911556.94,796230.79,0.6,1985612.94,2064736.85,0.0,0.0,0.0,2026-06-18,2026-06-19,Met,-59,Low
ACC10070,CL1070,Singapore,Equity,2321890.43,2081679.49,0.7,6915878.7,5037112.59,0.0,1878766.11,1878766.11,2026-06-23,2026-06-24,Overdue,-54,Critical
ACC10071,CL1071,Hong Kong,Fixed Income,291233.65,140150.02,0.55,310753.92,222915.08,0.0,87838.84,87838.84,2026-07-24,2026-07-27,Open,-21,High
ACC10072,CL1072,US,Equity,158363.41,141217.78,0.6,352164.04,315523.23,0.0,36640.81,36640.81,2026-06-30,2026-07-02,Disputed,-46,High
ACC10073,CL1073,US,Equity,414069.23,279148.72,0.6,696131.47,729950.82,0.0,0.0,0.0,2026-07-28,2026-07-30,Met,-18,Low
ACC10074,CL1074,Hong Kong,Equity,3062622.1,2159810.86,0.5,4310999.72,3434649.66,0.0,876350.06,876350.06,2026-08-07,2026-08-08,Met,-9,Critical
ACC10075,CL1075,Hong Kong,ETF,242133.4,184819.52,0.65,526551.34,537478.46,0.0,0.0,0.0,2026-08-06,2026-08-08,Met,-9,Low
ACC10076,CL1076,Hong Kong,Multi-Asset,1512595.49,1381289.05,0.5,2757063.97,2288126.18,0.0,468937.79,468937.79,2026-08-10,2026-08-12,Open,-5,Critical
ACC10077,CL1077,Hong Kong,Equity,1557006.48,715534.86,0.6,1784376.21,2039618.83,0.0,0.0,0.0,2026-06-18,2026-06-20,Met,-58,Low
ACC10078,CL1078,US,Equity,292087.54,201079.41,0.6,501444.91,575581.02,0.0,0.0,0.0,2026-06-07,2026-06-09,Met,-69,Low
ACC10079,CL1079,US,Fixed Income,677887.96,538148.83,0.65,1533187.55,1301129.81,0.0,232057.74,232057.74,2026-07-10,2026-07-11,Met,-37,Critical
ACC10080,CL1080,US,ETF,1500482.78,1217421.92,0.65,3468438.52,2826766.56,0.0,641671.96,641671.96,2026-08-09,2026-08-10,Met,-7,Critical
ACC10081,CL1081,Singapore,Equity,332918.9,265092.07,0.55,587787.29,532330.73,0.0,55456.56,55456.56,2026-08-04,2026-08-05,Met,-12,High
ACC10082,CL1082,UK,ETF,379767.59,196422.47,0.5,392060.82,321594.08,0.0,70466.74,70466.74,2026-08-07,2026-08-08,Disputed,-9,High
ACC10083,CL1083,US,Equity,285997.78,171512.24,0.65,488638.86,506323.64,0.0,0.0,0.0,2026-07-19,2026-07-21,Met,-27,Low
ACC10084,CL1084,US,Equity,206681.13,130076.37,0.6,324379.98,361045.41,0.0,0.0,0.0,2026-07-22,2026-07-23,Met,-25,Low
ACC10085,CL1085,US,ETF,271859.82,231684.0,0.65,660068.38,684191.28,0.0,0.0,0.0,2026-06-29,2026-07-02,Met,-46,Low
ACC10086,CL1086,US,Equity,176671.05,104126.37,0.65,296656.32,329933.81,0.0,0.0,0.0,2026-06-21,2026-06-24,Met,-54,Low
ACC10087,CL1087,Hong Kong,Multi-Asset,453868.42,252056.95,0.65,718110.97,645219.89,0.0,72891.08,72891.08,2026-06-09,2026-06-10,Overdue,-68,High
ACC10088,CL1088,UK,Equity,248331.56,230631.48,0.6,575140.85,447550.73,0.0,127590.12,127590.12,2026-07-17,2026-07-18,Overdue,-30,Critical
ACC10089,CL1089,Singapore,ETF,527202.2,239577.36,0.6,597449.78,638659.16,0.0,0.0,0.0,2026-08-15,2026-08-17,Met,0,Low
ACC10090,CL1090,UK,ETF,137733.82,130697.06,0.65,372356.3,327761.89,0.0,44594.41,44594.41,2026-07-12,2026-07-15,Open,-33,High
ACC10091,CL1091,US,Equity,567025.85,447049.22,0.6,1114835.96,1154563.6,0.0,0.0,0.0,2026-07-21,2026-07-22,Met,-26,Low
ACC10092,CL1092,Hong Kong,Fixed Income,826658.31,714426.75,0.55,1584094.79,1323229.18,0.0,260865.61,260865.61,2026-07-26,2026-07-27,Met,-21,Critical
ACC10093,CL1093,Hong Kong,Equity,99180.66,59241.57,0.65,168779.4,125000.52,0.0,43778.88,43778.88,2026-07-21,2026-07-22,Met,-26,High
ACC10094,CL1094,UK,Multi-Asset,585687.96,267751.72,0.7,889540.6,1064149.32,0.0,0.0,0.0,2026-08-09,2026-08-11,Met,-6,Low
ACC10095,CL1095,Hong Kong,Equity,1110978.53,909818.94,0.6,2268875.16,1765413.47,0.0,503461.69,503461.69,2026-06-20,2026-06-21,Met,-57,Critical
ACC10096,CL1096,UK,Equity,178575.94,154838.25,0.5,309058.38,369080.76,0.0,0.0,0.0,2026-06-27,2026-06-29,Met,-49,Low
ACC10097,CL1097,UK,Equity,1551029.23,1272213.22,0.6,3172601.55,3771081.0,0.0,0.0,0.0,2026-07-08,2026-07-09,Met,-39,Low
ACC10098,CL1098,UK,Multi-Asset,605775.21,315866.43,0.65,899904.36,987113.24,0.0,0.0,0.0,2026-08-11,2026-08-12,Met,-5,Low
ACC10099,CL1099,US,ETF,260730.11,215549.22,0.7,716110.37,737387.07,0.0,0.0,0.0,2026-08-04,2026-08-05,Met,-12,Low
ACC10100,CL1100,US,ETF,424290.31,354053.88,0.55,785041.86,776330.66,0.0,8711.2,8711.2,2026-07-24,2026-07-25,Met,-23,Medium
ACC10101,CL1101,US,Equity,672491.79,524052.85,0.5,1046013.67,1185186.6,0.0,0.0,0.0,2026-06-24,2026-06-25,Met,-53,Low
ACC10102,CL1102,UK,Fixed Income,468365.4,390175.53,0.7,1296264.22,1094980.0,0.0,201284.22,201284.22,2026-07-17,2026-07-18,Overdue,-30,Critical
ACC10103,CL1103,US,Equity,662692.92,578504.89,0.6,1442655.59,1347210.37,0.0,95445.22,95445.22,2026-08-10,2026-08-11,Open,-6,High
ACC10104,CL1104,UK,Multi-Asset,221791.89,167852.56,0.6,418584.94,422643.11,0.0,0.0,0.0,2026-08-02,2026-08-03,Met,-14,Low
ACC10105,CL1105,Singapore,Equity,502334.05,248304.9,0.7,824933.22,747055.6,0.0,77877.62,77877.62,2026-07-27,2026-07-28,Met,-20,High
ACC10106,CL1106,US,Equity,153232.88,106315.1,0.5,212205.79,193901.6,0.0,18304.19,18304.19,2026-07-25,2026-07-28,Met,-20,Medium
ACC10107,CL1107,UK,Equity,407004.88,198954.03,0.65,566820.6,490380.5,0.0,76440.1,76440.1,2026-07-30,2026-07-31,Met,-17,High
ACC10108,CL1108,Hong Kong,ETF,224598.42,146836.05,0.5,293085.93,287844.35,0.0,5241.58,5241.58,2026-08-01,2026-08-02,Met,-15,Medium
ACC10109,CL1109,US,ETF,254830.15,166545.07,0.6,415324.36,467359.21,0.0,0.0,0.0,2026-06-30,2026-07-02,Met,-46,Low
ACC10110,CL1110,US,Equity,1118020.07,540009.2,0.65,1538487.75,1231965.9,0.0,306521.85,306521.85,2026-06-22,2026-06-25,Disputed,-53,Critical
ACC10111,CL1111,US,Fixed Income,1002976.45,626268.79,0.6,1561767.56,1822920.9,0.0,0.0,0.0,2026-08-14,2026-08-15,Met,-2,Low
ACC10112,CL1112,US,ETF,698613.96,353148.69,0.7,1173251.46,1225512.57,0.0,0.0,0.0,2026-06-29,2026-07-01,Met,-47,Low
ACC10113,CL1113,Singapore,ETF,195002.06,166554.69,0.6,415348.35,461716.43,0.0,0.0,0.0,2026-07-11,2026-07-13,Met,-35,Low
ACC10114,CL1114,Hong Kong,Equity,348953.4,322378.51,0.6,803936.43,786326.48,0.0,17609.95,17609.95,2026-07-12,2026-07-14,Open,-34,Medium
ACC10115,CL1115,UK,Equity,1098903.34,534240.91,0.55,1184569.65,1290894.67,0.0,0.0,0.0,2026-08-04,2026-08-05,Met,-12,Low
ACC10116,CL1116,Singapore,ETF,492026.42,456382.85,0.6,1138111.85,805897.23,0.0,332214.62,332214.62,2026-07-01,2026-07-03,Overdue,-45,Critical
ACC10117,CL1117,Hong Kong,Equity,2519313.89,1791958.49,0.6,4468724.41,4956665.38,0.0,0.0,0.0,2026-06-30,2026-07-01,Met,-47,Low
ACC10118,CL1118,US,Equity,594210.18,356397.07,0.5,711371.4,512236.8,0.0,199134.6,199134.6,2026-06-18,2026-06-20,Open,-58,Critical
ACC10119,CL1119,Singapore,Multi-Asset,510955.02,249566.29,0.6,622359.83,712575.05,0.0,0.0,0.0,2026-06-17,2026-06-19,Met,-59,Low
ACC10120,CL1120,UK,Multi-Asset,350867.05,245716.45,0.6,612759.23,732848.63,0.0,0.0,0.0,2026-07-08,2026-07-09,Met,-39,Low
ACC10121,CL1121,Hong Kong,Equity,489018.54,414324.76,0.65,1180412.42,999849.14,0.0,180563.28,180563.28,2026-06-14,2026-06-16,Met,-62,Critical
ACC10122,CL1122,Singapore,Equity,394607.79,317084.42,0.65,903374.42,727360.3,0.0,176014.12,176014.12,2026-07-26,2026-07-27,Met,-21,Critical
ACC10123,CL1123,US,ETF,752443.74,357495.81,0.65,1018506.58,1102718.42,0.0,0.0,0.0,2026-06-22,2026-06-24,Met,-54,Low
ACC10124,CL1124,US,Equity,906663.57,441047.33,0.5,880333.99,727607.64,0.0,152726.35,152726.35,2026-08-06,2026-08-07,Overdue,-10,Critical
ACC10125,CL1125,US,Equity,245366.41,159840.67,0.55,354413.9,401473.4,0.0,0.0,0.0,2026-07-26,2026-07-27,Met,-21,Low
ACC10126,CL1126,UK,Equity,163011.38,97422.98,0.65,277558.35,208563.26,0.0,68995.09,68995.09,2026-06-19,2026-06-20,Overdue,-58,High
ACC10127,CL1127,Hong Kong,Fixed Income,111618.93,63197.76,0.6,157600.4,120245.57,0.0,37354.83,37354.83,2026-07-27,2026-07-30,Met,-18,High
ACC10128,CL1128,Singapore,Fixed Income,647577.33,382395.87,0.5,763265.21,907961.81,0.0,0.0,0.0,2026-07-14,2026-07-15,Met,-33,Low
ACC10129,CL1129,US,Equity,193392.11,164720.06,0.65,469287.92,486613.77,0.0,0.0,0.0,2026-07-05,2026-07-06,Met,-42,Low
ACC10130,CL1130,UK,Equity,88021.12,80505.35,0.65,229359.97,257672.99,0.0,0.0,0.0,2026-06-01,2026-06-02,Met,-76,Low
ACC10131,CL1131,UK,Equity,592101.86,386376.87,0.6,963533.34,830724.42,0.0,132808.92,132808.92,2026-07-22,2026-07-24,Open,-24,Critical
ACC10132,CL1132,US,Fixed Income,2869790.64,2591580.22,0.5,5172814.81,5370632.95,0.0,0.0,0.0,2026-08-09,2026-08-10,Met,-7,Low
ACC10133,CL1133,US,Equity,440403.58,268975.54,0.65,766312.08,764105.8,0.0,2206.28,2206.28,2026-07-07,2026-07-08,Open,-40,Medium
ACC10134,CL1134,US,Equity,829740.33,571042.64,0.6,1424046.48,1426289.44,0.0,0.0,0.0,2026-08-04,2026-08-05,Met,-12,Low
ACC10135,CL1135,Singapore,Fixed Income,470415.68,264850.85,0.65,754560.83,785698.71,0.0,0.0,0.0,2026-07-21,2026-07-22,Met,-26,Low
ACC10136,CL1136,US,Equity,410788.09,316404.61,0.65,901437.64,890331.56,0.0,11106.08,11106.08,2026-06-01,2026-06-02,Open,-76,Medium
ACC10137,CL1137,UK,Fixed Income,881435.72,828100.54,0.65,2359260.8,2157617.57,0.0,201643.23,201643.23,2026-06-21,2026-06-22,Disputed,-56,Critical
ACC10138,CL1138,Hong Kong,Equity,355860.5,267516.9,0.6,667124.44,559024.49,0.0,108099.95,108099.95,2026-07-23,2026-07-25,Open,-23,Critical
ACC10139,CL1139,US,Equity,540659.1,340024.32,0.55,753934.19,817483.8,0.0,0.0,0.0,2026-06-16,2026-06-17,Met,-61,Low
ACC10140,CL1140,Singapore,Equity,563134.26,435814.52,0.65,1241636.81,,0.0,232016.95,232016.95,2026-07-31,2026-08-01,Open,-16,Critical
ACC10141,CL1141,Singapore,Fixed Income,268050.9,137097.4,0.65,390590.88,408627.25,0.0,0.0,0.0,2026-07-24,2026-07-25,Met,-23,Low
ACC10142,CL1142,US,Multi-Asset,931016.02,832635.13,0.65,2372179.86,1937279.61,0.0,434900.25,434900.25,2026-07-10,2026-07-13,Met,-35,Critical
ACC10143,CL1143,UK,Fixed Income,388007.59,272203.61,0.55,603555.68,611199.76,0.0,0.0,0.0,2026-06-26,2026-06-29,Met,-49,Low
ACC10144,CL1144,US,Equity,250995.71,169340.5,0.55,375477.83,403090.14,0.0,0.0,0.0,2026-08-04,2026-08-06,Met,-11,Low
ACC10145,CL1145,US,Fixed Income,661577.48,491507.34,0.7,1632914.75,1321610.89,0.0,311303.86,311303.86,2026-08-13,2026-08-14,Met,-3,Critical
ACC10146,CL1146,US,Equity,225516.59,171932.03,0.65,489834.84,357565.55,0.0,132269.29,132269.29,2026-08-03,2026-08-04,Met,-13,Critical
ACC10147,CL1147,UK,Equity,451863.7,219555.11,0.7,729418.97,558360.65,0.0,171058.32,171058.32,2026-07-13,2026-07-14,Met,-34,Critical
ACC10148,CL1148,UK,Multi-Asset,439397.94,347699.37,0.65,990596.5,993566.79,0.0,0.0,0.0,2026-06-17,2026-06-18,Met,-60,Low
ACC10149,CL1149,US,Equity,998911.71,570344.46,0.6,1422305.39,1599699.87,0.0,0.0,0.0,2026-07-29,2026-07-30,Met,-18,Low
ACC10150,CL1150,US,Equity,631607.65,509692.41,0.65,1452115.13,1049150.87,0.0,402964.26,402964.26,2026-06-23,2026-06-25,Overdue,-53,Critical
ACC10151,CL1151,Singapore,Equity,434186.65,373950.81,0.7,1242361.5,1325693.68,0.0,0.0,0.0,2026-06-07,2026-06-09,Met,-69,Low
ACC10152,CL1152,US,Equity,816943.1,696018.57,0.6,1735707.16,1511209.62,0.0,224497.54,224497.54,2026-07-14,2026-07-16,Overdue,-32,Critical
ACC10153,CL1153,US,Equity,1255011.96,911453.04,0.65,2596732.31,2439017.66,0.0,157714.65,157714.65,2026-07-23,2026-07-24,Met,-24,Critical
ACC10154,CL1154,UK,ETF,672231.28,477341.31,0.55,1058406.45,1232439.98,0.0,0.0,0.0,2026-08-10,2026-08-12,Met,-5,Low
ACC10155,CL1155,Singapore,Equity,445861.87,232489.31,0.6,579773.84,502075.89,0.0,77697.95,77697.95,2026-07-04,2026-07-05,Overdue,-43,High
ACC10156,CL1156,US,Multi-Asset,165400.13,138551.24,0.65,394732.88,368154.91,0.0,26577.97,26577.97,2026-07-16,2026-07-17,Met,-31,High
ACC10157,CL1157,Hong Kong,Fixed Income,199020.83,116567.43,0.55,258464.37,182693.27,0.0,75771.1,75771.1,2026-08-07,2026-08-09,Met,-8,High
ACC10158,CL1158,Hong Kong,Equity,351892.66,245743.43,0.55,544885.65,403650.94,0.0,141234.71,141234.71,2026-06-16,2026-06-17,Met,-61,Critical
ACC10159,CL1159,US,Equity,280089.88,165851.59,0.55,367741.88,304966.79,0.0,62775.09,62775.09,2026-08-10,2026-08-11,Met,-6,High
ACC10160,CL1160,Hong Kong,Equity,384527.86,198767.9,0.55,440727.05,314646.55,0.0,126080.5,126080.5,2026-06-19,2026-06-20,Met,-58,Critical
ACC10161,CL1161,US,ETF,461615.44,353033.72,0.55,782779.87,795059.86,0.0,0.0,0.0,2026-06-02,2026-06-04,Met,-74,Low
ACC10162,CL1162,UK,Equity,658203.59,314072.39,0.6,783222.92,715238.53,0.0,67984.39,67984.39,2026-06-10,2026-06-12,Open,-66,High
ACC10163,CL1163,UK,ETF,419628.85,345909.55,0.7,1149201.16,1119405.36,0.0,29795.8,29795.8,2026-07-20,2026-07-21,Met,-27,High
ACC10164,CL1164,UK,Equity,637223.82,387937.65,0.6,967425.56,761676.97,0.0,205748.59,205748.59,2026-06-12,2026-06-14,Disputed,-64,Critical
ACC10165,CL1165,US,ETF,464332.33,208980.82,0.55,463372.11,392923.8,0.0,70448.31,70448.31,2026-08-09,2026-08-10,Met,-7,High
ACC10166,CL1166,Hong Kong,Equity,100548.96,70943.78,0.5,141604.35,146123.26,0.0,0.0,0.0,2026-06-22,2026-06-23,Met,-55,Low
ACC10167,CL1167,US,Equity,218709.24,103542.63,0.65,294993.25,348874.17,0.0,0.0,0.0,2026-07-02,2026-07-04,Met,-44,Low
ACC10168,CL1168,US,Multi-Asset,397096.39,233526.34,0.6,582359.95,422332.32,0.0,160027.63,160027.63,2026-06-01,2026-06-03,Met,-75,Critical
ACC10169,CL1169,US,Fixed Income,178568.75,143477.89,0.65,408768.92,468118.96,0.0,0.0,0.0,2026-07-24,2026-07-27,Met,-21,Low
ACC10170,CL1170,UK,Equity,693805.23,333959.55,0.65,951451.71,940453.5,0.0,10998.21,10998.21,2026-07-28,2026-07-29,Met,-19,Medium
ACC10171,CL1171,Hong Kong,Multi-Asset,1394523.2,1212773.94,0.65,3455196.41,3392863.92,0.0,62332.49,62332.49,2026-08-09,2026-08-11,Open,-6,High
ACC10172,CL1172,US,ETF,1103581.53,498719.49,0.55,1105808.18,1050671.77,0.0,55136.41,55136.41,2026-06-18,2026-06-20,Met,-58,High
ACC10173,CL1173,UK,Multi-Asset,376968.85,216158.44,0.65,615836.01,452452.9,0.0,163383.11,163383.11,2026-06-06,2026-06-09,Overdue,-69,Critical
ACC10174,CL1174,US,Fixed Income,1353283.75,1110304.4,0.55,2461872.28,1833943.26,0.0,627929.02,627929.02,2026-07-15,2026-07-16,Open,-32,Critical
ACC10175,CL1175,UK,Equity,494598.0,300782.39,0.7,999277.04,999732.71,0.0,0.0,0.0,2026-06-23,2026-06-25,Met,-53,Low
ACC10176,CL1176,US,Equity,343583.53,172116.86,0.65,490361.42,426849.46,0.0,63511.96,63511.96,2026-06-23,2026-06-25,Open,-53,High
ACC10177,CL1177,Hong Kong,Equity,279273.82,175975.17,0.6,438840.82,508455.91,0.0,0.0,0.0,2026-06-26,2026-06-27,Met,-51,Low
ACC10178,CL1178,UK,ETF,352620.52,206352.34,0.55,457543.99,413297.32,0.0,44246.67,44246.67,2026-06-07,2026-06-08,Open,-70,High
ACC10179,CL1179,Singapore,ETF,330667.09,288128.74,0.55,638866.39,492975.33,0.0,145891.06,145891.06,2026-07-14,2026-07-15,Met,-33,Critical
ACC10180,CL1180,US,Equity,502731.83,304994.31,0.65,868929.66,918770.96,0.0,0.0,0.0,2026-06-27,2026-06-29,Met,-49,Low
ACC10181,CL1001,US,Equity,499034.49,421417.78,0.55,934407.49,791141.06,0.0,143266.43,143266.43,2026-06-26,2026-06-28,Met,-50,Critical
ACC10182,CL1002,US,Fixed Income,443425.25,397280.68,0.6,990724.89,953805.68,0.0,36919.21,36919.21,2026-07-06,2026-07-08,Met,-40,High
ACC10183,CL1003,Singapore,Multi-Asset,613971.4,409462.87,0.55,907899.93,952311.12,0.0,0.0,0.0,2026-07-25,2026-07-27,Met,-21,Low
ACC10184,CL1004,Singapore,ETF,1080554.3,977870.92,0.65,2785957.04,3204218.5,0.0,0.0,0.0,2026-08-03,2026-08-04,Met,-13,Low
ACC10185,CL1005,US,Equity,901815.83,575952.82,0.65,1640891.23,1798573.65,0.0,0.0,0.0,2026-07-27,2026-07-28,Met,-20,Low
ACC10186,CL1006,UK,Equity,145266.68,135394.24,0.65,385738.58,400466.28,0.0,0.0,0.0,2026-08-08,2026-08-09,Met,-8,Low
ACC10187,CL1007,Hong Kong,Equity,65157.27,32229.7,0.65,91822.51,95478.57,0.0,0.0,0.0,2026-07-31,2026-08-01,Met,-16,Low
ACC10188,CL1008,UK,Multi-Asset,891570.62,707469.88,0.55,1568669.36,1839990.05,0.0,0.0,0.0,2026-06-02,2026-06-03,Met,-75,Low
ACC10189,CL1009,UK,Equity,158711.12,110606.89,0.5,220772.24,187195.44,0.0,33576.8,33576.8,2026-07-25,2026-07-26,Open,-22,High
ACC10190,CL1010,US,ETF,373781.23,240649.48,0.65,685611.05,480308.97,0.0,205302.08,205302.08,2026-07-08,2026-07-09,Met,-39,Critical
ACC10191,CL1011,US,Equity,183949.26,140970.61,0.6,351547.66,293885.86,0.0,57661.8,57661.8,2026-06-29,2026-06-30,Met,-48,High
ACC10192,CL1012,Singapore,ETF,114521.14,91837.77,0.6,229021.87,185266.25,0.0,43755.62,43755.62,2026-06-26,2026-06-27,Disputed,-51,High
ACC10193,CL1013,Singapore,Fixed Income,664039.59,300266.51,0.5,599334.35,617864.15,0.0,0.0,0.0,2026-07-05,2026-07-06,Met,-42,Low
ACC10194,CL1014,UK,Fixed Income,781809.49,417077.03,0.55,924782.77,940370.72,0.0,0.0,0.0,2026-08-06,2026-08-07,Met,-10,Low
ACC10195,CL1015,US,Equity,287109.0,231560.02,0.5,462195.65,460684.59,0.0,1511.06,1511.06,2026-06-29,2026-07-02,Met,-46,Medium
ACC10196,CL1016,US,Equity,63368.25,49629.55,0.7,164882.23,116756.69,0.0,48125.54,48125.54,2026-07-04,2026-07-06,Overdue,-42,High
ACC10197,CL1017,Hong Kong,Equity,293700.75,274029.78,0.55,607604.83,646727.91,0.0,0.0,0.0,2026-07-11,2026-07-13,Met,-35,Low
ACC10198,CL1018,Singapore,Multi-Asset,593535.91,492942.79,0.6,1229283.77,1059353.98,0.0,169929.79,169929.79,2026-07-11,2026-07-12,Overdue,-36,Critical
ACC10199,CL1019,Singapore,Multi-Asset,145920.37,135032.72,0.5,269526.39,278293.54,0.0,0.0,0.0,2026-06-23,2026-06-25,Met,-53,Low
ACC10200,CL1020,Hong Kong,ETF,507636.0,406753.63,0.65,1158842.25,1133682.87,0.0,25159.38,25159.38,2026-08-10,2026-08-12,Met,-5,High
ACC10201,CL1021,UK,ETF,437362.48,261991.54,0.6,653345.49,569302.7,0.0,84042.79,84042.79,2026-06-03,2026-06-05,Met,-73,High
ACC10202,CL1022,US,Fixed Income,683149.24,343407.14,0.7,1140887.51,875389.45,0.0,265498.06,265498.06,2026-07-28,2026-07-29,Met,-19,Critical
ACC10203,CL1023,US,Equity,483925.03,406938.33,0.7,1351954.58,1010193.24,0.0,341761.34,341761.34,2026-07-02,2026-07-04,Open,-44,Critical
ACC10204,CL1024,Singapore,Multi-Asset,213245.27,164641.26,0.6,410576.71,458104.73,0.0,0.0,0.0,2026-07-01,2026-07-03,Met,-45,Low
ACC10205,CL1025,UK,Equity,1085366.88,514564.85,0.7,1709517.77,1981670.9,0.0,0.0,0.0,2026-07-13,2026-07-15,Met,-33,Low
ACC10206,CL1026,US,Equity,392818.45,247485.54,0.7,822211.1,842679.24,0.0,0.0,0.0,2026-06-07,2026-06-09,Met,-69,Low
ACC10207,CL1027,US,ETF,433445.61,402410.86,0.65,1146469.69,861820.82,0.0,284648.87,284648.87,2026-06-01,2026-06-02,Open,-76,Critical
ACC10208,CL1028,Hong Kong,Equity,219706.76,153838.8,0.65,438287.18,394902.71,0.0,43384.47,43384.47,2026-07-31,2026-08-01,Overdue,-16,High
ACC10209,CL1029,US,Equity,317279.48,211423.8,0.55,468788.91,499011.54,0.0,0.0,0.0,2026-06-14,2026-06-15,Met,-63,Low
ACC10210,CL1030,US,Fixed Income,227839.79,154669.0,0.6,385708.23,420387.43,0.0,0.0,0.0,2026-07-22,2026-07-24,Met,-24,Low
ACC10211,CL1031,UK,Equity,388594.03,215452.6,0.5,430045.11,326451.25,0.0,103593.86,103593.86,2026-06-06,2026-06-07,Disputed,-71,Critical
ACC10212,CL1032,Hong Kong,ETF,1597229.88,1013208.5,0.5,2022372.26,1415691.64,0.0,606680.62,606680.62,2026-06-10,2026-06-11,Open,-67,Critical
ACC10213,CL1033,UK,Equity,158114.41,100387.89,0.7,333514.58,352214.25,0.0,0.0,0.0,2026-08-10,2026-08-11,Met,-6,Low
ACC10214,CL1034,US,Equity,131903.91,62809.68,0.6,156632.62,137570.13,0.0,19062.49,19062.49,2026-06-30,2026-07-01,Met,-47,Medium
ACC10215,CL1035,Hong Kong,Equity,1333580.18,1111917.57,0.65,3167856.32,2620579.57,0.0,547276.75,547276.75,2026-06-21,2026-06-22,Met,-56,Critical
ACC10216,CL1036,US,Equity,378135.26,248908.37,0.65,709140.66,500971.52,0.0,208169.14,208169.14,2026-07-30,2026-08-01,Overdue,-16,Critical
ACC10217,CL1037,US,Fixed Income,267853.49,230645.95,0.65,657110.97,637496.01,0.0,19614.96,19614.96,2026-08-13,2026-08-15,Met,-2,Medium
ACC10218,CL1038,Hong Kong,Equity,965043.56,844581.03,0.7,2805917.04,3158271.1,0.0,0.0,0.0,2026-08-02,2026-08-03,Met,-14,Low
ACC10219,CL1039,UK,ETF,280909.64,156184.92,0.55,346308.03,408233.39,0.0,0.0,0.0,2026-07-12,2026-07-13,Met,-35,Low
ACC10220,CL1040,Singapore,ETF,1740194.22,1355048.76,0.5,2704688.14,2658363.53,0.0,46324.61,46324.61,2026-07-21,2026-07-22,Met,-26,High
ACC10221,CL1041,UK,Fixed Income,735601.94,504726.58,0.6,1258669.78,1204837.31,0.0,53832.47,53832.47,2026-08-03,2026-08-05,Overdue,-12,High
ACC10222,CL1042,UK,Multi-Asset,306835.31,273107.47,0.55,605559.8,449645.22,0.0,155914.58,155914.58,2026-08-15,2026-08-16,Met,-1,Critical
ACC10223,CL1043,US,Fixed Income,2231046.15,1244634.47,0.5,2484300.34,2420792.68,0.0,63507.66,63507.66,2026-07-26,2026-07-27,Disputed,-21,High
ACC10224,CL1044,US,Equity,280888.71,221594.96,0.6,552605.89,491813.46,0.0,60792.43,60792.43,2026-07-11,2026-07-12,Open,-36,High
ACC10225,CL1045,US,Equity,771870.08,581894.38,0.65,1657818.75,1663733.25,0.0,0.0,0.0,2026-07-02,2026-07-04,Met,-44,Low
ACC10226,CL1046,US,Equity,553750.46,330949.37,0.6,825310.15,738127.01,0.0,87183.14,87183.14,2026-06-15,2026-06-17,Met,-61,High
ACC10227,CL1047,Singapore,ETF,1174444.66,608715.2,0.55,1349701.11,1106956.77,0.0,242744.34,242744.34,2026-08-01,2026-08-03,Disputed,-14,Critical
ACC10228,CL1048,UK,Equity,1427069.21,1107148.66,0.65,3154269.69,2357761.83,0.0,796507.86,796507.86,2026-06-27,2026-06-29,Met,-49,Critical
ACC10229,CL1049,Singapore,ETF,453161.16,371274.36,0.55,823224.75,705881.65,0.0,117343.1,117343.1,2026-06-28,2026-06-29,Met,-49,Critical
ACC10230,CL1050,UK,ETF,251434.2,152825.14,0.5,305040.2,228268.42,0.0,76771.78,76771.78,2026-08-03,2026-08-04,Met,-13,High
ACC10231,CL1051,Hong Kong,Equity,624670.2,482505.45,0.65,1374659.4,1083848.11,0.0,290811.29,290811.29,2026-07-29,2026-07-30,Met,-18,Critical
ACC10232,CL1052,UK,Fixed Income,266122.89,172331.99,0.65,490974.33,586060.39,0.0,0.0,0.0,2026-07-28,2026-07-29,Met,-19,Low
ACC10233,CL1053,UK,Equity,2002767.31,1615439.01,0.65,4602390.34,4243642.2,0.0,358748.14,358748.14,2026-06-02,2026-06-03,Open,-75,Critical
ACC10234,CL1054,UK,Equity,490118.02,269372.61,0.5,537669.88,519354.63,0.0,18315.25,18315.25,2026-07-06,2026-07-07,Met,-41,Medium
ACC10235,CL1055,US,Fixed Income,336384.06,301099.9,0.65,857834.47,975194.17,0.0,0.0,0.0,2026-08-10,2026-08-11,Met,-6,Low
ACC10236,CL1056,Hong Kong,ETF,508138.96,301684.54,0.6,752330.52,901129.8,0.0,0.0,0.0,2026-06-13,2026-06-16,Met,-62,Low
ACC10237,CL1057,US,Fixed Income,161079.82,102107.37,0.6,254631.85,252431.12,0.0,2200.73,2200.73,2026-06-15,2026-06-17,Met,-61,Medium
ACC10238,CL1058,US,Equity,213478.09,102265.82,0.65,291355.61,322308.33,0.0,0.0,0.0,2026-07-30,2026-08-01,Met,-16,Low
ACC10239,CL1059,UK,Equity,1088499.21,550515.12,0.65,1568419.15,1354283.69,0.0,214135.46,214135.46,2026-06-22,2026-06-24,Met,-54,Critical
ACC10240,CL1060,US,Fixed Income,270311.23,191361.69,0.6,477211.2,407000.06,0.0,70211.14,70211.14,2026-08-02,2026-08-03,Overdue,-14,High
ACC10241,CL1061,Singapore,Fixed Income,201756.49,117784.7,0.6,293727.43,264751.77,0.0,28975.66,28975.66,2026-08-14,2026-08-16,Overdue,-1,High
ACC10242,CL1062,Singapore,Fixed Income,661648.39,574138.85,0.7,1907438.04,1976589.6,0.0,0.0,0.0,2026-08-13,2026-08-14,Met,-3,Low
ACC10243,CL1063,Singapore,Equity,1076556.54,492359.57,0.65,1402733.82,1460380.35,0.0,0.0,0.0,2026-06-25,2026-06-27,Met,-51,Low
ACC10244,CL1064,US,ETF,758588.68,485153.13,0.6,1209858.18,1037598.23,0.0,172259.95,172259.95,2026-07-18,2026-07-19,Met,-29,Critical
ACC10245,CL1065,US,Equity,933817.0,577727.15,0.65,1645946.3,1261790.6,0.0,384155.7,384155.7,2026-07-13,2026-07-16,Met,-32,Critical
ACC10246,CL1066,Singapore,,250798.14,115282.83,0.6,287488.35,292145.12,0.0,0.0,0.0,2026-07-08,2026-07-09,Met,-39,Low
ACC10247,CL1067,UK,Multi-Asset,152305.25,78008.34,0.55,172967.49,132175.34,0.0,40792.15,40792.15,2026-07-11,2026-07-12,Met,-36,High
ACC10248,CL1068,Singapore,Equity,1364092.92,895965.34,0.6,2234327.53,2210300.14,0.0,24027.39,24027.39,2026-07-15,2026-07-18,Met,-30,Medium
ACC10249,CL1069,Singapore,Multi-Asset,347315.94,241882.04,0.7,803594.82,841131.59,0.0,0.0,0.0,2026-07-10,2026-07-11,Met,-37,Low
ACC10250,CL1070,Singapore,Equity,366544.51,239040.12,0.7,794153.22,834103.69,0.0,0.0,0.0,2026-06-17,2026-06-19,Met,-59,Low
ACC10251,CL1071,US,Equity,1197977.9,857115.86,0.6,2137446.03,2301465.21,0.0,0.0,0.0,2026-07-27,2026-07-29,Met,-19,Low
ACC10252,CL1072,UK,ETF,671435.01,501941.88,0.6,1251725.39,1422497.92,0.0,0.0,0.0,2026-06-02,2026-06-04,Met,-74,Low
ACC10253,CL1073,Singapore,Multi-Asset,622759.59,283331.89,0.55,628230.35,596805.95,0.0,31424.4,31424.4,2026-08-01,2026-08-04,Overdue,-13,High
ACC10254,CL1074,US,Fixed Income,2243957.84,1530486.01,0.7,5084671.13,5415808.28,0.0,0.0,0.0,2026-06-09,2026-06-12,Met,-66,Low
ACC10255,CL1075,US,Fixed Income,273036.65,254401.8,0.7,845188.7,853290.99,0.0,0.0,0.0,2026-08-07,2026-08-08,Met,-9,Low
ACC10256,CL1076,UK,Fixed Income,887248.25,629516.95,0.65,1793495.58,1422815.86,0.0,370679.72,370679.72,2026-06-17,2026-06-19,Overdue,-59,Critical
ACC10257,CL1077,Singapore,Fixed Income,461741.2,364208.13,0.65,1037630.0,739669.17,0.0,297960.83,297960.83,2026-07-20,2026-07-22,Met,-26,Critical
ACC10258,CL1078,Hong Kong,Fixed Income,541145.9,327897.58,0.65,934181.14,786833.4,0.0,147347.74,147347.74,2026-07-10,2026-07-12,Met,-36,Critical
ACC10259,CL1079,UK,Equity,1392138.09,1165213.58,0.6,2905769.53,2677715.59,0.0,228053.94,228053.94,2026-07-28,2026-07-29,Met,-19,Critical
ACC10260,CL1080,US,ETF,647501.78,541609.82,0.5,1081057.52,1090303.77,0.0,0.0,0.0,2026-08-14,2026-08-16,Met,-1,Low
ACC10261,CL1081,UK,Equity,662464.37,470779.0,0.6,1174012.47,1320740.16,0.0,0.0,0.0,2026-06-21,2026-06-24,Met,-54,Low
ACC10262,CL1082,Singapore,Multi-Asset,988931.65,927624.72,0.65,2642805.47,2109283.46,0.0,533522.01,533522.01,2026-06-18,2026-06-21,Open,-57,Critical
ACC10263,CL1083,US,Multi-Asset,336477.13,172537.1,0.65,491558.69,374948.63,0.0,116610.06,116610.06,2026-07-25,2026-07-26,Met,-22,Critical
ACC10264,CL1084,UK,Equity,235765.45,108092.29,0.6,269556.83,318546.08,0.0,0.0,0.0,2026-06-29,2026-06-30,Met,-48,Low
ACC10265,CL1085,Singapore,Fixed Income,202074.78,168748.43,0.7,560626.01,422724.5,0.0,137901.51,137901.51,2026-06-24,2026-06-25,Disputed,-53,Critical
ACC10266,CL1086,Hong Kong,Multi-Asset,101238.31,86414.77,0.55,191607.03,179966.05,0.0,11640.98,11640.98,2026-08-13,2026-08-15,Overdue,-2,Medium
ACC10267,CL1087,Hong Kong,Equity,2068129.94,1054960.56,0.6,2630824.34,2611834.69,0.0,18989.65,18989.65,2026-06-17,2026-06-19,Met,-59,Medium
ACC10268,CL1088,Hong Kong,ETF,193415.06,112720.64,0.65,321141.42,311727.87,0.0,9413.55,9413.55,2026-06-18,2026-06-19,Open,-59,Medium
ACC10269,CL1089,US,Multi-Asset,374767.0,171934.17,0.65,489840.94,363959.69,0.0,125881.25,125881.25,2026-07-12,2026-07-13,Disputed,-35,Critical
ACC10270,CL1090,US,Equity,359471.45,214480.19,0.65,611054.67,445161.55,0.0,165893.12,165893.12,2026-07-15,2026-07-16,Open,-32,Critical
ACC10271,CL1091,Hong Kong,Fixed Income,557130.63,466079.29,0.55,1033435.23,777909.81,0.0,255525.42,255525.42,2026-06-17,2026-06-18,Met,-60,Critical
ACC10272,CL1092,Hong Kong,Equity,815700.81,578315.78,0.55,1282296.63,1273056.2,0.0,9240.43,9240.43,2026-08-12,2026-08-15,Met,-2,Medium
ACC10273,CL1093,Singapore,Multi-Asset,843533.69,526405.34,0.65,1499730.31,1457996.48,0.0,41733.83,41733.83,2026-06-14,2026-06-16,Overdue,-62,High
ACC10274,CL1094,Singapore,Multi-Asset,285698.38,181666.93,0.6,453034.74,370070.67,0.0,82964.07,82964.07,2026-07-19,2026-07-20,Open,-28,High
ACC10275,CL1095,UK,Multi-Asset,390295.22,175897.01,0.55,390015.54,397381.79,0.0,0.0,0.0,2026-06-29,2026-06-30,Met,-48,Low
ACC10276,CL1096,UK,ETF,546852.81,328057.14,0.65,934635.73,1037477.21,0.0,0.0,0.0,2026-06-04,2026-06-05,Met,-73,Low
ACC10277,CL1097,Hong Kong,Multi-Asset,367133.81,283878.64,0.6,707926.78,510266.18,0.0,197660.6,197660.6,2026-06-20,2026-06-23,Open,-55,Critical
ACC10278,CL1098,UK,Fixed Income,1476978.76,1384072.69,0.65,3943227.04,3742378.66,0.0,200848.38,200848.38,2026-07-17,2026-07-18,Overdue,-30,Critical
ACC10279,CL1099,Hong Kong,Equity,639365.28,558505.02,0.65,1591182.39,1662236.97,0.0,0.0,0.0,2026-06-09,2026-06-10,Met,-68,Low
ACC10280,CL1100,Hong Kong,Fixed Income,767703.09,354523.35,0.55,786082.82,649427.01,0.0,136655.81,136655.81,2026-06-27,2026-06-28,Overdue,-50,Critical
ACC10281,CL1101,Singapore,Equity,727348.46,654090.14,0.5,1305569.14,1114806.5,0.0,190762.64,190762.64,2026-06-15,2026-06-17,Disputed,-61,Critical
ACC10282,CL1102,US,ETF,1066726.74,897756.38,0.65,2557710.48,,0.0,0.0,0.0,2026-06-19,2026-06-21,Met,-57,Low
ACC10283,CL1103,US,Equity,506746.51,425762.37,0.6,1061751.55,1219918.18,0.0,0.0,0.0,2026-07-22,2026-07-24,Met,-24,Low
ACC10284,CL1104,US,Equity,167271.92,113577.28,0.65,323581.99,357545.87,0.0,0.0,0.0,2026-06-26,2026-06-27,Met,-51,Low
ACC10285,CL1105,UK,Equity,597055.86,387490.83,0.65,1103962.48,1094650.68,0.0,9311.8,9311.8,2026-06-26,2026-06-27,Met,-51,Medium
ACC10286,CL1106,US,Fixed Income,271436.18,163257.43,0.65,465120.88,495405.3,0.0,0.0,0.0,2026-06-26,2026-06-27,Met,-51,Low
ACC10287,CL1107,UK,Equity,297609.5,143699.98,0.7,477408.57,421270.69,0.0,56137.88,56137.88,2026-07-16,2026-07-18,Open,-30,High
ACC10288,CL1108,UK,Fixed Income,686782.56,387426.19,0.6,966150.1,985939.52,0.0,0.0,0.0,2026-07-19,2026-07-20,Met,-28,Low
ACC10289,CL1109,US,Equity,1119857.84,642016.54,0.6,1601038.75,1493914.52,0.0,107124.23,107124.23,2026-07-23,2026-07-25,Overdue,-23,Critical
ACC10290,CL1110,UK,Equity,449528.12,311090.78,0.6,775787.48,616726.27,0.0,159061.21,159061.21,2026-06-03,2026-06-05,Overdue,-73,Critical
ACC10291,CL1111,US,ETF,557726.94,459412.06,0.55,1018652.02,1070469.97,0.0,0.0,0.0,2026-08-05,2026-08-07,Met,-10,Low
ACC10292,CL1112,US,Fixed Income,1585897.75,1089360.96,0.6,2716610.87,2657476.55,0.0,59134.32,59134.32,2026-07-12,2026-07-13,Open,-35,High
ACC10293,CL1113,Hong Kong,Equity,529964.28,253811.67,0.55,562775.32,494854.41,0.0,67920.91,67920.91,2026-06-19,2026-06-20,Met,-58,High
ACC10294,CL1114,US,ETF,3113513.33,2892126.65,0.7,9608394.19,11104129.02,0.0,0.0,0.0,2026-06-17,2026-06-18,Met,-60,Low
ACC10295,CL1115,US,Multi-Asset,676124.31,622955.35,0.6,1553504.61,1103713.85,0.0,449790.76,449790.76,2026-07-03,2026-07-05,Overdue,-43,Critical
ACC10296,CL1116,UK,ETF,118116.64,99524.46,0.6,248190.67,212919.44,0.0,35271.23,35271.23,2026-08-15,2026-08-17,Overdue,0,High
ACC10297,CL1117,Hong Kong,Equity,778408.1,736112.48,0.6,1835691.97,1337192.74,0.0,498499.23,498499.23,2026-07-19,2026-07-20,Met,-28,Critical
ACC10298,CL1118,US,Equity,588815.86,425267.05,0.5,848836.43,919513.66,0.0,0.0,0.0,2026-07-26,2026-07-27,Met,-21,Low
ACC10299,CL1119,UK,Multi-Asset,1163932.09,1084067.93,0.5,2163808.24,2274278.72,0.0,0.0,0.0,2026-08-02,2026-08-04,Met,-13,Low
ACC10300,CL1120,US,Equity,732989.03,357553.9,0.6,891655.61,771884.96,0.0,119770.65,119770.65,2026-06-03,2026-06-05,Open,-73,Critical
ACC10301,CL1121,US,Multi-Asset,398777.15,252362.28,0.5,503717.13,522773.48,0.0,0.0,0.0,2026-07-19,2026-07-20,Met,-28,Low
ACC10302,CL1122,UK,ETF,176623.62,99384.46,0.6,247841.55,222553.93,0.0,25287.62,25287.62,2026-07-25,2026-07-27,Met,-21,High
ACC10303,CL1123,UK,Multi-Asset,378220.47,207233.25,0.7,688482.56,742271.57,0.0,0.0,0.0,2026-06-26,2026-06-27,Met,-51,Low
ACC10304,CL1124,UK,Fixed Income,233773.89,121656.28,0.7,404173.69,374706.13,0.0,29467.56,29467.56,2026-08-11,2026-08-12,Met,-5,High
ACC10305,CL1125,Hong Kong,Multi-Asset,286246.16,217892.53,0.65,620776.44,562510.28,0.0,58266.16,58266.16,2026-07-22,2026-07-25,Met,-23,High
ACC10306,CL1126,Singapore,Equity,687924.11,578310.92,0.55,1282285.85,1496895.57,0.0,0.0,0.0,2026-06-07,2026-06-09,Met,-69,Low
ACC10307,CL1127,UK,Fixed Income,1547928.86,1144150.38,0.65,3259687.69,2690675.14,0.0,569012.55,569012.55,2026-07-16,2026-07-18,Met,-30,Critical
ACC10308,CL1128,US,Equity,594813.77,311373.92,0.7,1034464.85,786424.66,0.0,248040.19,248040.19,2026-07-16,2026-07-17,Open,-31,Critical
ACC10309,CL1129,Hong Kong,ETF,180428.11,154367.41,0.55,342278.07,339632.79,0.0,2645.28,2645.28,2026-06-16,2026-06-18,Open,-60,Medium
ACC10310,CL1130,US,ETF,617510.9,474234.39,0.65,1351095.13,1600589.58,0.0,0.0,0.0,2026-06-24,2026-06-25,Met,-53,Low
ACC10311,CL1131,UK,Multi-Asset,1085415.71,699097.65,0.55,1550105.65,1377919.3,0.0,172186.35,172186.35,2026-07-31,2026-08-01,Open,-16,Critical
ACC10312,CL1132,US,Multi-Asset,280033.03,220404.24,0.65,627932.31,459030.06,0.0,168902.25,168902.25,2026-07-24,2026-07-25,Overdue,-23,Critical
ACC10313,CL1133,US,Fixed Income,400106.93,232043.01,0.7,770907.01,670421.31,0.0,100485.7,100485.7,2026-08-01,2026-08-02,Met,-15,Critical
ACC10314,CL1134,Singapore,Equity,447314.03,278495.97,0.5,555880.18,529734.82,0.0,26145.36,26145.36,2026-06-01,2026-06-03,Met,-75,High
ACC10315,CL1135,Hong Kong,Equity,245567.29,223157.54,0.7,741387.18,578994.85,0.0,162392.33,162392.33,2026-07-19,2026-07-21,Overdue,-27,Critical
ACC10316,CL1136,Hong Kong,Fixed Income,719426.99,428240.54,0.65,1220058.52,1255502.57,0.0,0.0,0.0,2026-06-25,2026-06-26,Met,-52,Low
ACC10317,CL1137,UK,Equity,404047.97,276770.49,0.7,919503.29,1102369.23,0.0,0.0,0.0,2026-06-10,2026-06-11,Met,-67,Low
ACC10318,CL1138,US,Equity,606008.53,542420.4,0.6,1352669.33,1252395.6,0.0,100273.73,100273.73,2026-06-16,2026-06-17,Met,-61,Critical
ACC10319,CL1139,US,Equity,227380.67,182782.38,0.65,520747.52,456885.27,0.0,63862.25,63862.25,2026-07-28,2026-07-29,Disputed,-19,High
ACC10320,CL1140,US,Equity,318668.38,153311.87,0.5,306011.72,275518.29,0.0,30493.43,30493.43,2026-08-11,2026-08-13,Overdue,-4,High
ACC10321,CL1141,UK,Equity,760541.55,398258.74,0.6,993163.94,752394.27,0.0,240769.67,240769.67,2026-06-29,2026-07-01,Open,-47,Critical
ACC10322,CL1142,Hong Kong,Equity,334494.31,151833.92,0.5,303061.72,345986.41,0.0,0.0,0.0,2026-06-06,2026-06-07,Met,-71,Low
ACC10323,CL1143,Hong Kong,Equity,1615609.57,1236685.95,0.7,4108591.2,3728188.36,0.0,380402.84,380402.84,2026-06-16,2026-06-17,Disputed,-61,Critical
ACC10324,CL1144,US,Equity,327837.34,220908.84,0.65,629369.91,562428.37,0.0,66941.54,66941.54,2026-06-20,2026-06-22,Met,-56,High
ACC10325,CL1145,Singapore,Multi-Asset,523615.83,270781.34,0.65,771456.81,794481.04,0.0,0.0,0.0,2026-08-10,2026-08-12,Met,-5,Low
ACC10326,CL1146,Hong Kong,,890415.18,827166.37,0.7,2748061.03,2531010.13,0.0,217050.9,217050.9,2026-07-13,2026-07-14,Met,-34,Critical
ACC10327,CL1147,UK,Equity,152699.27,109154.0,0.5,217872.26,223126.63,0.0,0.0,0.0,2026-06-26,2026-06-27,Met,-51,Low
ACC10328,CL1148,UK,Fixed Income,118112.57,67435.98,0.6,168169.53,122885.37,0.0,45284.16,45284.16,2026-08-10,2026-08-12,Open,-5,High
ACC10329,CL1149,UK,Equity,140893.25,98667.79,0.5,196941.7,217987.22,0.0,0.0,0.0,2026-07-03,2026-07-04,Met,-44,Low
ACC10330,CL1150,US,Multi-Asset,1140455.24,900743.14,0.55,1997213.17,2337242.66,0.0,0.0,0.0,2026-06-26,2026-06-27,Met,-51,Low
ACC10331,CL1151,US,Fixed Income,292466.79,142758.78,0.55,316538.31,324256.37,0.0,0.0,0.0,2026-07-15,2026-07-17,Met,-31,Low
ACC10332,CL1152,Hong Kong,Equity,3013610.63,1770049.95,0.6,4414089.65,5196632.55,0.0,0.0,0.0,2026-08-02,2026-08-04,Met,-13,Low
ACC10333,CL1153,US,Equity,289761.75,247306.65,0.55,548351.77,425365.33,0.0,122986.44,122986.44,2026-08-06,2026-08-08,Met,-9,Critical
ACC10334,CL1154,US,Multi-Asset,508089.8,345415.93,0.5,689452.95,647195.07,0.0,42257.88,42257.88,2026-07-22,2026-07-24,Disputed,-24,High
ACC10335,CL1155,US,Multi-Asset,1406454.37,1017272.37,0.55,2255592.84,2257630.47,0.0,0.0,0.0,2026-08-07,2026-08-09,Met,-8,Low
ACC10336,CL1156,US,ETF,1991840.54,1327378.47,0.55,2943189.51,2916313.26,0.0,26876.25,26876.25,2026-06-26,2026-06-27,Met,-51,High
ACC10337,CL1157,Singapore,ETF,2076361.59,979938.79,0.7,3255610.6,2932429.03,0.0,323181.57,323181.57,2026-08-14,2026-08-15,Open,-2,Critical
ACC10338,CL1158,Hong Kong,,1095010.68,583503.7,0.65,1662403.7,1444698.98,0.0,217704.72,217704.72,2026-06-02,2026-06-03,Open,-75,Critical
ACC10339,CL1159,UK,Multi-Asset,953645.12,641584.61,0.7,2131510.33,1627220.59,0.0,504289.74,504289.74,2026-06-14,2026-06-15,Open,-63,Critical
ACC10340,CL1160,US,Equity,689964.35,382649.21,0.6,954237.43,854873.86,0.0,99363.57,99363.57,2026-06-30,2026-07-02,Met,-46,High
ACC10341,CL1161,UK,Multi-Asset,793152.51,376739.13,0.55,835341.75,652677.91,0.0,182663.84,182663.84,2026-07-19,2026-07-21,Met,-27,Critical
ACC10342,CL1162,UK,ETF,292614.32,255108.43,0.65,726804.64,775633.44,0.0,0.0,0.0,2026-06-12,2026-06-15,Met,-63,Low
ACC10343,CL1163,US,ETF,239510.09,225282.3,0.6,561801.25,451921.62,0.0,109879.63,109879.63,2026-07-14,2026-07-16,Overdue,-32,Critical
ACC10344,CL1164,UK,ETF,441295.13,373587.85,0.55,828354.43,604104.52,0.0,224249.91,224249.91,2026-07-03,2026-07-04,Met,-44,Critical
ACC10345,CL1165,UK,Equity,389399.67,341461.63,0.55,757121.13,739088.83,0.0,18032.3,18032.3,2026-06-13,2026-06-14,Overdue,-64,Medium
ACC10346,CL1166,UK,Equity,314921.59,179816.63,0.55,398706.5,397755.53,0.0,950.97,950.97,2026-06-26,2026-06-28,Open,-50,Medium
ACC10347,CL1167,UK,Equity,745858.05,693881.8,0.55,1538540.58,1747715.22,0.0,0.0,0.0,2026-06-21,2026-06-23,Met,-55,Low
ACC10348,CL1168,US,Equity,905714.04,496750.51,0.6,1238779.33,1224521.98,0.0,14257.35,14257.35,2026-06-28,2026-06-30,Overdue,-48,Medium
ACC10349,CL1169,US,Fixed Income,472742.05,437624.36,0.65,1246793.05,1088126.7,0.0,158666.35,158666.35,2026-07-18,2026-07-20,Overdue,-28,Critical
ACC10350,CL1170,UK,Equity,1339956.3,1269487.53,0.5,2533907.25,2791113.89,0.0,0.0,0.0,2026-07-10,2026-07-12,Met,-36,Low
ACC10351,CL1171,UK,Equity,187912.77,151431.65,0.55,335768.63,325742.39,0.0,10026.24,10026.24,2026-08-05,2026-08-07,Met,-10,Medium
ACC10352,CL1172,Singapore,Multi-Asset,382603.85,359866.42,0.65,1025260.46,758323.79,0.0,266936.67,266936.67,2026-08-12,2026-08-13,Open,-4,Critical
ACC10353,CL1173,UK,Multi-Asset,258430.81,189887.18,0.55,421035.88,413846.81,0.0,7189.07,7189.07,2026-06-23,2026-06-25,Overdue,-53,Medium
ACC10354,CL1174,US,Multi-Asset,109108.44,63257.9,0.6,157750.37,182045.39,0.0,0.0,0.0,2026-07-18,2026-07-20,Met,-28,Low
ACC10355,CL1175,US,Multi-Asset,415812.4,277969.73,0.65,791936.55,711282.81,0.0,80653.74,80653.74,2026-06-02,2026-06-03,Met,-75,High
ACC10356,CL1176,UK,Equity,403805.81,301554.29,0.55,668634.79,567111.22,0.0,101523.57,101523.57,2026-06-20,2026-06-22,Disputed,-56,Critical
ACC10357,CL1177,US,Equity,1376545.02,669745.29,0.5,1336816.95,1031668.07,0.0,305148.88,305148.88,2026-07-29,2026-07-30,Open,-18,Critical
ACC10358,CL1178,UK,Fixed Income,710062.85,540479.7,0.6,1347829.68,1045542.16,0.0,302287.52,302287.52,2026-07-16,2026-07-19,Met,-29,Critical
ACC10359,CL1179,Singapore,Fixed Income,205224.52,193031.91,0.55,428008.67,392221.04,0.0,35787.63,35787.63,2026-06-03,2026-06-04,Met,-74,High
ACC10360,CL1180,UK,Equity,1777235.14,968688.81,0.6,2415682.82,2410464.73,0.0,5218.09,5218.09,2026-07-25,2026-07-27,Disputed,-21,Medium
ACC10361,CL1001,UK,Fixed Income,1105463.51,935551.07,0.65,2665387.66,1973207.02,0.0,692180.64,692180.64,2026-06-12,2026-06-13,Met,-65,Critical
ACC10362,CL1002,UK,Equity,684588.55,618833.41,0.55,1372136.16,1605103.33,0.0,0.0,0.0,2026-07-10,2026-07-12,Met,-36,Low
ACC10363,CL1003,UK,Equity,373299.72,344126.64,0.6,858171.17,924736.77,0.0,0.0,0.0,2026-08-05,2026-08-06,Met,-11,Low
ACC10364,CL1004,UK,ETF,215436.3,200370.37,0.6,499676.73,496334.87,0.0,3341.86,3341.86,2026-06-16,2026-06-17,Overdue,-61,Medium
ACC10365,CL1005,Singapore,ETF,334651.48,237846.79,0.55,527376.47,587613.06,0.0,0.0,0.0,2026-07-04,2026-07-05,Met,-43,Low
ACC10366,CL1006,UK,ETF,1001051.46,939640.91,0.65,2677039.63,1981259.3,0.0,695780.33,695780.33,2026-07-14,2026-07-17,Overdue,-31,Critical
ACC10367,CL1007,Singapore,Equity,1818349.41,1506784.52,0.55,3340985.63,3135245.86,0.0,205739.77,205739.77,2026-06-06,2026-06-07,Met,-71,Critical
ACC10368,CL1008,Singapore,Multi-Asset,1407650.62,747231.23,0.6,1863419.53,1891457.59,0.0,0.0,0.0,2026-08-03,2026-08-04,Met,-13,Low
ACC10369,CL1009,US,Equity,306619.53,211092.23,0.5,421341.78,469512.29,0.0,0.0,0.0,2026-06-22,2026-06-24,Met,-54,Low
ACC10370,CL1010,US,Equity,191049.33,154590.54,0.6,385512.57,420877.48,0.0,0.0,0.0,2026-06-18,2026-06-19,Met,-59,Low
ACC10371,CL1011,US,Multi-Asset,491719.98,282085.08,0.55,625465.81,524474.74,0.0,100991.07,100991.07,2026-06-12,2026-06-15,Met,-63,Critical
ACC10372,CL1012,US,Multi-Asset,117438.55,90463.81,0.65,257731.65,301659.45,0.0,0.0,0.0,2026-07-22,2026-07-23,Met,-25,Low
ACC10373,CL1013,US,Multi-Asset,563755.42,441589.76,0.5,881416.69,671791.93,0.0,209624.76,209624.76,2026-07-21,2026-07-23,Overdue,-25,Critical
ACC10374,CL1014,Hong Kong,Fixed Income,396050.92,210441.61,0.6,524792.04,596986.01,0.0,0.0,0.0,2026-08-10,2026-08-11,Met,-6,Low
ACC10375,CL1015,US,Fixed Income,311910.83,228487.99,0.6,569795.49,675475.53,0.0,0.0,0.0,2026-07-18,2026-07-19,Met,-29,Low
ACC10376,CL1016,US,ETF,133782.78,111817.45,0.65,318568.23,251215.5,0.0,67352.73,67352.73,2026-06-19,2026-06-21,Met,-57,High
ACC10377,CL1017,Singapore,Equity,650307.16,454855.93,0.6,1134304.06,1203534.08,0.0,0.0,0.0,2026-06-06,2026-06-08,Met,-70,Low
ACC10378,CL1018,US,Equity,296699.28,135310.17,0.65,385499.06,277614.36,0.0,107884.7,107884.7,2026-06-27,2026-06-29,Overdue,-49,Critical
ACC10379,CL1019,Hong Kong,Equity,183976.33,83620.78,0.65,238235.84,215058.21,0.0,23177.63,23177.63,2026-07-23,2026-07-24,Met,-24,Medium
ACC10380,CL1020,US,Equity,51318.33,32254.32,0.65,91892.65,88046.18,0.0,3846.47,3846.47,2026-07-18,2026-07-19,Open,-29,Medium
ACC10381,CL1021,US,Fixed Income,433377.23,395715.46,0.55,877417.87,868926.76,0.0,8491.11,8491.11,2026-06-07,2026-06-08,Overdue,-70,Medium
ACC10382,CL1022,Hong Kong,ETF,1671427.65,943250.79,0.6,2352246.36,2747349.94,0.0,0.0,0.0,2026-07-29,2026-08-01,Met,-16,Low
ACC10383,CL1023,UK,Equity,1537924.61,1179867.84,0.65,3361446.84,3482880.26,0.0,0.0,0.0,2026-08-08,2026-08-09,Met,-8,Low
ACC10384,CL1024,Singapore,Equity,314009.28,176171.12,0.7,585286.11,550542.93,0.0,34743.18,34743.18,2026-06-11,2026-06-12,Met,-66,High
ACC10385,CL1025,Hong Kong,Fixed Income,281627.61,172028.0,0.7,571521.59,631438.5,0.0,0.0,0.0,2026-06-15,2026-06-16,Met,-62,Low
ACC10386,CL1026,Hong Kong,Equity,628807.65,549591.12,0.6,1370551.42,1610763.05,0.0,0.0,0.0,2026-08-03,2026-08-05,Met,-12,Low
ACC10387,CL1027,US,Multi-Asset,209234.5,170407.0,0.55,377842.57,268658.56,0.0,109184.01,109184.01,2026-06-03,2026-06-04,Met,-74,Critical
ACC10388,CL1028,US,ETF,554789.44,276118.5,0.6,688574.81,820272.07,0.0,0.0,0.0,2026-08-08,2026-08-11,Met,-6,Low
ACC10389,CL1029,Hong Kong,ETF,785880.65,522100.6,0.65,1487466.1,1105285.59,0.0,382180.51,382180.51,2026-06-23,2026-06-24,Met,-54,Critical
ACC10390,CL1030,Hong Kong,ETF,1110365.63,515859.08,0.6,1286431.62,1424328.59,0.0,0.0,0.0,2026-07-23,2026-07-25,Met,-23,Low
ACC10391,CL1031,Singapore,Fixed Income,410398.72,283357.77,0.6,706627.86,593685.68,0.0,112942.18,112942.18,2026-07-07,2026-07-08,Met,-40,Critical
ACC10392,CL1032,UK,Equity,379740.99,296660.12,0.65,845185.53,647488.04,0.0,197697.49,197697.49,2026-06-09,2026-06-11,Open,-67,Critical
ACC10393,CL1033,US,Fixed Income,229008.19,116622.72,0.6,290829.73,267542.36,0.0,23287.37,23287.37,2026-06-15,2026-06-18,Overdue,-60,Medium
ACC10394,CL1034,Hong Kong,ETF,237955.68,141450.96,0.65,402994.19,411851.31,0.0,0.0,0.0,2026-06-03,2026-06-04,Met,-74,Low
ACC10395,CL1035,US,Equity,373301.18,242241.97,0.6,604094.69,537931.78,0.0,66162.91,66162.91,2026-08-09,2026-08-12,Met,-5,High
ACC10396,CL1036,Singapore,Multi-Asset,582756.16,530171.46,0.6,1322123.34,961557.44,0.0,360565.9,360565.9,2026-06-17,2026-06-18,Open,-60,Critical
ACC10397,CL1037,Singapore,Fixed Income,877812.65,830961.6,0.6,2072223.44,2071665.12,0.0,558.32,558.32,2026-06-26,2026-06-29,Open,-49,Medium
ACC10398,CL1038,UK,Fixed Income,242223.42,114439.82,0.65,326039.37,375337.06,0.0,0.0,0.0,2026-06-21,2026-06-23,Met,-55,Low
ACC10399,CL1039,Hong Kong,Multi-Asset,1355277.01,1125562.93,0.55,2495704.94,2225189.7,0.0,270515.24,270515.24,2026-08-11,2026-08-12,Met,-5,Critical
ACC10400,CL1040,Hong Kong,Multi-Asset,361008.69,229551.72,0.55,508983.86,411343.65,0.0,97640.21,97640.21,2026-06-21,2026-06-22,Met,-56,High
ACC10401,CL1041,US,Fixed Income,435380.02,281355.24,0.7,934735.02,861160.79,0.0,73574.23,73574.23,2026-06-11,2026-06-12,Disputed,-66,High
ACC10402,CL1042,Singapore,Fixed Income,252607.26,208939.67,0.55,463280.86,335499.36,0.0,127781.5,127781.5,2026-07-08,2026-07-09,Overdue,-39,Critical
ACC10403,CL1043,UK,Fixed Income,71812.93,65293.27,0.6,162826.11,180776.68,0.0,0.0,0.0,2026-08-11,2026-08-12,Met,-5,Low
ACC10404,CL1044,Hong Kong,Fixed Income,858579.06,794584.27,0.6,1981506.91,2205754.85,0.0,0.0,0.0,2026-07-05,2026-07-06,Met,-42,Low
ACC10405,CL1045,US,ETF,768835.97,567832.49,0.6,1416041.12,1407545.2,0.0,8495.92,8495.92,2026-06-14,2026-06-15,Open,-63,Medium
ACC10406,CL1046,Singapore,Fixed Income,358256.44,225185.88,0.65,641555.21,562356.15,0.0,79199.06,79199.06,2026-06-14,2026-06-16,Open,-62,High
ACC10407,CL1047,UK,Equity,465209.46,392531.9,0.55,870358.98,957300.6,0.0,0.0,0.0,2026-06-10,2026-06-11,Met,-67,Low
ACC10408,CL1048,US,Multi-Asset,651449.01,374909.36,0.6,934936.06,913753.69,0.0,21182.37,21182.37,2026-06-12,2026-06-13,Met,-65,Medium
ACC10409,CL1049,Singapore,Multi-Asset,137048.56,100324.62,0.6,250186.08,278448.64,0.0,0.0,0.0,2026-07-08,2026-07-10,Met,-38,Low
ACC10410,CL1050,US,Equity,297512.19,187221.22,0.65,533393.79,541783.75,0.0,0.0,0.0,2026-07-04,2026-07-05,Met,-43,Low
ACC10411,CL1051,US,Fixed Income,802669.65,624730.26,0.55,1385211.22,1512931.49,0.0,0.0,0.0,2026-07-11,2026-07-12,Met,-36,Low
ACC10412,CL1052,Singapore,Equity,172695.11,98470.66,0.6,245562.74,245386.3,0.0,176.44,176.44,2026-06-10,2026-06-11,Open,-67,Medium
ACC10413,CL1053,Singapore,Equity,551373.9,300937.93,0.55,667268.14,605259.27,0.0,62008.87,62008.87,2026-06-17,2026-06-20,Open,-58,High
ACC10414,CL1054,UK,Fixed Income,159941.54,145405.98,0.55,322407.94,380110.23,0.0,0.0,0.0,2026-06-17,2026-06-19,Met,-59,Low
ACC10415,CL1055,UK,Equity,627703.05,314417.61,0.55,697156.56,676630.12,0.0,20526.44,20526.44,2026-08-06,2026-08-07,Open,-10,Medium
ACC10416,CL1056,UK,Fixed Income,430743.85,302803.86,0.55,671405.45,673114.02,0.0,0.0,0.0,2026-08-01,2026-08-03,Met,-14,Low
ACC10417,CL1057,US,Fixed Income,131748.64,73835.41,0.65,210357.29,170440.69,0.0,39916.6,39916.6,2026-06-01,2026-06-02,Met,-76,High
ACC10418,CL1058,US,ETF,1059761.58,497520.95,0.55,1103150.67,1117299.01,0.0,0.0,0.0,2026-06-12,2026-06-14,Met,-64,Low
ACC10419,CL1059,Hong Kong,Equity,255009.56,119346.87,0.7,396501.23,390872.43,0.0,5628.8,5628.8,2026-06-04,2026-06-06,Met,-72,Medium
ACC10420,CL1060,Hong Kong,Equity,240941.8,129532.93,0.7,430341.96,341011.23,0.0,89330.73,89330.73,2026-07-12,2026-07-14,Met,-34,High
ACC10421,CL1061,Hong Kong,ETF,514230.51,454263.61,0.6,1132826.96,826729.81,0.0,306097.15,306097.15,2026-06-13,2026-06-14,Disputed,-64,Critical
ACC10422,CL1062,Hong Kong,Multi-Asset,1047040.33,619051.47,0.55,1372619.67,1375611.51,0.0,0.0,0.0,2026-06-04,2026-06-05,Met,-73,Low
ACC10423,CL1063,US,ETF,206516.1,191074.81,0.6,476495.79,515495.13,0.0,0.0,0.0,2026-08-08,2026-08-09,Met,-8,Low
ACC10424,CL1064,UK,Equity,463360.15,343262.36,0.65,977955.44,940500.42,0.0,37455.02,37455.02,2026-06-19,2026-06-21,Met,-57,High
ACC10425,CL1065,US,ETF,610242.91,407829.67,0.6,1017031.6,827239.58,0.0,189792.02,189792.02,2026-06-02,2026-06-04,Open,-74,Critical
ACC10426,CL1066,UK,ETF,744024.47,550611.16,0.5,1099024.27,1135578.9,0.0,0.0,0.0,2026-06-12,2026-06-14,Met,-64,Low
ACC10427,CL1067,UK,Fixed Income,505008.82,357722.59,0.6,892076.28,660183.61,0.0,231892.67,231892.67,2026-08-13,2026-08-16,Met,-1,Critical
ACC10428,CL1068,Singapore,Equity,335953.86,278636.14,0.65,793835.16,731056.18,0.0,62778.98,62778.98,2026-06-06,2026-06-07,Met,-71,High
ACC10429,CL1069,US,Fixed Income,237829.03,140615.95,0.65,400615.24,313154.27,0.0,87460.97,87460.97,2026-06-08,2026-06-10,Overdue,-68,High
ACC10430,CL1070,US,ETF,471940.37,295682.53,0.55,655615.37,519397.85,0.0,136217.52,136217.52,2026-07-21,2026-07-23,Open,-25,Critical
ACC10431,CL1071,US,Multi-Asset,197974.94,177592.86,0.65,505962.56,405350.37,0.0,100612.19,100612.19,2026-06-11,2026-06-14,Open,-64,Critical
ACC10432,CL1072,Hong Kong,Equity,49463.34,45665.95,0.55,101254.88,90456.4,0.0,10798.48,10798.48,2026-08-02,2026-08-05,Met,-12,Medium
ACC10433,CL1073,UK,ETF,613797.2,550133.61,0.55,1219808.45,885062.64,0.0,334745.81,334745.81,2026-07-27,2026-07-29,Overdue,-19,Critical
ACC10434,CL1074,US,Multi-Asset,871482.56,574937.96,0.7,1910092.89,1716976.23,0.0,193116.66,193116.66,2026-06-12,2026-06-13,Met,-65,Critical
ACC10435,CL1075,US,Equity,75192.04,63175.06,0.55,140077.74,133893.83,0.0,6183.91,6183.91,2026-08-12,2026-08-14,Met,-3,Medium
ACC10436,CL1076,Hong Kong,Multi-Asset,207461.69,142768.47,0.55,316559.8,298087.63,0.0,18472.17,18472.17,2026-06-02,2026-06-03,Open,-75,Medium
ACC10437,CL1077,US,Fixed Income,703881.78,491851.42,0.5,981739.36,875114.66,0.0,106624.7,106624.7,2026-06-08,2026-06-10,Met,-68,Critical
ACC10438,CL1078,Hong Kong,Equity,2070129.25,1143415.3,0.7,3798721.93,4252947.66,0.0,0.0,0.0,2026-06-11,2026-06-14,Met,-64,Low
ACC10439,CL1079,Hong Kong,Equity,449367.03,335032.4,0.65,954508.26,737513.55,0.0,216994.71,216994.71,2026-07-23,2026-07-24,Met,-24,Critical
ACC10440,CL1080,US,Fixed Income,256272.8,139173.54,0.65,396505.81,377809.92,0.0,18695.89,18695.89,2026-06-10,2026-06-12,Open,-66,Medium
ACC10441,CL1081,US,Equity,385704.83,237510.23,0.65,676667.32,494657.82,0.0,182009.5,182009.5,2026-06-08,2026-06-09,Open,-69,Critical
ACC10442,CL1082,Singapore,ETF,1240664.04,1088701.43,0.55,2413972.13,1775664.4,0.0,638307.73,638307.73,2026-07-06,2026-07-07,Overdue,-41,Critical
ACC10443,CL1083,US,Equity,272536.24,150859.14,0.6,376207.33,371291.4,0.0,4915.93,4915.93,2026-08-15,2026-08-16,Met,-1,Medium
ACC10444,CL1084,US,ETF,242948.8,117970.87,0.6,294191.7,289193.15,0.0,4998.55,4998.55,2026-06-14,2026-06-16,Met,-62,Medium
ACC10445,CL1085,Hong Kong,Equity,308026.89,149240.2,0.5,297884.63,339295.59,0.0,0.0,0.0,2026-07-24,2026-07-27,Met,-21,Low
ACC10446,CL1086,Singapore,Multi-Asset,216425.91,199196.73,0.6,496749.95,486286.83,0.0,10463.12,10463.12,2026-06-21,2026-06-24,Met,-54,Medium
ACC10447,CL1087,Singapore,Multi-Asset,485047.81,341211.84,0.7,1133594.15,1337522.65,0.0,0.0,0.0,2026-07-20,2026-07-21,Met,-27,Low
ACC10448,CL1088,Hong Kong,Multi-Asset,1496304.33,979639.48,0.5,1955368.22,1416365.93,0.0,539002.29,539002.29,2026-07-09,2026-07-11,Disputed,-37,Critical
ACC10449,CL1089,US,Fixed Income,563718.03,482226.55,0.55,1069238.47,800863.72,0.0,268374.75,268374.75,2026-06-20,2026-06-22,Open,-56,Critical
ACC10450,CL1090,US,Equity,366126.75,317766.15,0.55,704581.26,508730.87,0.0,195850.39,195850.39,2026-06-07,2026-06-08,Overdue,-70,Critical
ACC10451,CL1091,Hong Kong,Fixed Income,355450.6,218991.52,0.55,485568.78,384880.47,0.0,100688.31,100688.31,2026-06-09,2026-06-10,Met,-68,Critical
ACC10452,CL1092,UK,Equity,136982.29,109148.73,0.7,362620.37,351972.04,0.0,10648.33,10648.33,2026-06-01,2026-06-02,Open,-76,Medium
ACC10453,CL1093,UK,Equity,857976.8,716892.3,0.6,1787761.35,1828497.44,0.0,0.0,0.0,2026-06-26,2026-06-29,Met,-49,Low
ACC10454,CL1094,Singapore,Equity,417325.64,324397.8,0.6,808972.07,584719.01,0.0,224253.06,224253.06,2026-07-08,2026-07-10,Met,-38,Critical
ACC10455,CL1095,US,ETF,386404.51,203170.54,0.65,578833.45,678963.21,0.0,0.0,0.0,2026-07-08,2026-07-10,Met,-38,Low
ACC10456,CL1096,UK,Fixed Income,4851656.14,4307987.03,0.55,9552077.67,10708668.91,0.0,0.0,0.0,2026-07-31,2026-08-01,Met,-16,Low
ACC10457,CL1097,US,Fixed Income,553526.37,398288.39,0.6,993237.88,842569.89,0.0,150667.99,150667.99,2026-07-14,2026-07-16,Open,-32,Critical
ACC10458,CL1098,UK,Equity,251741.16,148838.49,0.6,371168.3,274142.59,0.0,97025.71,97025.71,2026-07-14,2026-07-15,Disputed,-33,High
ACC10459,CL1099,US,Equity,321332.54,212919.47,0.6,530971.25,416782.45,0.0,114188.8,114188.8,2026-08-13,2026-08-14,Disputed,-3,Critical
ACC10460,CL1100,US,Multi-Asset,1046889.85,490766.83,0.7,1630454.58,1244806.76,0.0,385647.82,385647.82,2026-08-01,2026-08-03,Open,-14,Critical
ACC10461,CL1101,US,Equity,481640.28,247531.03,0.65,705216.61,537122.51,0.0,168094.1,168094.1,2026-06-06,2026-06-07,Open,-71,Critical
ACC10462,CL1102,UK,ETF,150435.77,125278.9,0.6,312416.21,299694.89,0.0,12721.32,12721.32,2026-06-17,2026-06-19,Disputed,-59,Medium
ACC10463,CL1103,Hong Kong,Equity,881536.51,396696.56,0.65,1130189.63,930059.86,0.0,200129.77,200129.77,2026-07-21,2026-07-22,Open,-26,Critical
ACC10464,CL1104,UK,Fixed Income,268040.12,176446.23,0.55,391233.33,343921.43,0.0,47311.9,47311.9,2026-07-08,2026-07-10,Met,-38,High
ACC10465,CL1105,Singapore,Fixed Income,1803019.53,1282406.82,0.5,2559694.25,3058201.53,0.0,0.0,0.0,2026-06-24,2026-06-25,Met,-53,Low
ACC10466,CL1106,US,Equity,994540.45,474711.27,0.55,1052574.88,1096948.41,0.0,0.0,0.0,2026-07-21,2026-07-23,Met,-25,Low
ACC10467,CL1107,US,Equity,316319.66,296245.72,0.6,738767.38,867675.15,0.0,0.0,0.0,2026-06-10,2026-06-11,Met,-67,Low
ACC10468,CL1108,Singapore,Fixed Income,1156330.6,651086.59,0.6,1623657.33,1252291.63,0.0,371365.7,371365.7,2026-08-11,2026-08-12,Open,-5,Critical
ACC10469,CL1109,US,Fixed Income,465511.29,280284.05,0.6,698962.72,622824.53,0.0,76138.19,76138.19,2026-06-21,2026-06-24,Met,-54,High
ACC10470,CL1110,Singapore,Equity,838676.44,504859.11,0.7,1677272.79,1639309.23,0.0,37963.56,37963.56,2026-08-09,2026-08-10,Open,-7,High
ACC10471,CL1111,US,Multi-Asset,636379.02,359686.72,0.6,896974.36,662307.06,0.0,234667.3,234667.3,2026-07-27,2026-07-29,Open,-19,Critical
ACC10472,CL1112,Singapore,Equity,234505.08,105700.1,0.6,263591.27,185065.78,0.0,78525.49,78525.49,2026-07-09,2026-07-12,Open,-36,High
ACC10473,CL1113,US,Equity,273030.18,222430.15,0.5,443972.36,459607.81,0.0,0.0,0.0,2026-07-03,2026-07-04,Met,-44,Low
ACC10474,CL1114,Singapore,Multi-Asset,957873.13,894100.57,0.5,1784631.88,1821948.1,0.0,0.0,0.0,2026-07-29,2026-07-30,Met,-18,Low
ACC10475,CL1115,UK,Equity,344179.47,193479.37,0.6,482492.19,436845.73,0.0,45646.46,45646.46,2026-06-18,2026-06-20,Met,-58,High
ACC10476,CL1116,Singapore,ETF,326852.3,255442.78,0.6,637014.41,601865.25,0.0,35149.16,35149.16,2026-07-26,2026-07-29,Met,-19,High
ACC10477,CL1117,US,Equity,216134.91,177435.56,0.65,505514.42,458866.31,0.0,46648.11,46648.11,2026-07-27,2026-07-30,Open,-18,High
ACC10478,CL1118,UK,Equity,607859.65,531398.62,0.55,1178267.45,838929.4,0.0,339338.05,339338.05,2026-08-15,2026-08-16,Overdue,-1,Critical
ACC10479,CL1119,Singapore,Multi-Asset,2077952.7,1374180.46,0.5,2742875.17,2379953.84,0.0,362921.33,362921.33,2026-07-18,2026-07-20,Open,-28,Critical
ACC10480,CL1120,UK,Equity,198660.04,119487.15,0.6,297972.94,234963.92,0.0,63009.02,63009.02,2026-07-12,2026-07-13,Met,-35,High
ACC10481,CL1121,UK,Multi-Asset,450523.08,276011.87,0.55,611999.71,458517.58,0.0,153482.13,153482.13,2026-06-27,2026-06-30,Disputed,-48,Critical
ACC10482,CL1122,Hong Kong,Equity,1275903.89,1028774.92,0.5,2053442.95,2419695.48,0.0,0.0,0.0,2026-08-13,2026-08-16,Met,-1,Low
ACC10483,CL1123,UK,Equity,416761.32,357743.64,0.65,1019212.65,1018886.36,0.0,326.29,326.29,2026-07-22,2026-07-23,Disputed,-25,Medium
ACC10484,CL1124,UK,Equity,621119.55,335905.79,0.5,670470.64,713600.77,0.0,0.0,0.0,2026-07-12,2026-07-13,Met,-35,Low
ACC10485,CL1125,UK,Fixed Income,199427.26,126730.14,0.6,316035.26,271057.71,0.0,44977.55,44977.55,2026-07-02,2026-07-03,Met,-45,High
ACC10486,CL1126,Singapore,Equity,610009.81,549600.6,0.55,1218626.61,1092588.4,0.0,126038.21,126038.21,2026-06-26,2026-06-27,Met,-51,Critical
ACC10487,CL1127,US,Multi-Asset,384477.98,328093.04,0.55,727479.02,595413.93,0.0,132065.09,132065.09,2026-06-25,2026-06-27,Overdue,-51,Critical
ACC10488,CL1128,US,ETF,926618.76,873272.58,0.6,2177737.11,1629998.85,0.0,547738.26,547738.26,2026-08-14,2026-08-15,Overdue,-2,Critical
ACC10489,CL1129,Singapore,Multi-Asset,1077915.39,891569.83,0.65,2540084.99,2005437.28,0.0,534647.71,534647.71,2026-06-23,2026-06-24,Disputed,-54,Critical
ACC10490,CL1130,Singapore,Equity,3085340.96,1994974.06,0.6,4974997.66,5466313.62,0.0,0.0,0.0,2026-07-27,2026-07-28,Met,-20,Low
ACC10491,CL1131,UK,Multi-Asset,683324.33,509294.55,0.65,1450981.62,1507240.39,0.0,0.0,0.0,2026-07-22,2026-07-25,Met,-23,Low
ACC10492,CL1132,UK,Fixed Income,564867.93,440883.45,0.55,977568.63,951628.3,0.0,25940.33,25940.33,2026-07-01,2026-07-03,Overdue,-45,High
ACC10493,CL1133,US,Fixed Income,511850.68,250411.64,0.65,713423.48,668866.57,0.0,44556.91,44556.91,2026-08-03,2026-08-04,Open,-13,High
ACC10494,CL1134,US,Fixed Income,339464.71,245177.87,0.55,543631.64,631274.38,0.0,0.0,0.0,2026-08-10,2026-08-11,Met,-6,Low
ACC10495,CL1135,UK,Fixed Income,570268.67,458872.62,0.65,1307329.4,962674.85,0.0,344654.55,344654.55,2026-07-03,2026-07-06,Open,-42,Critical
ACC10496,CL1136,US,ETF,354494.8,189179.93,0.6,471770.4,396428.86,0.0,75341.54,75341.54,2026-06-02,2026-06-04,Met,-74,High
ACC10497,CL1137,UK,Equity,501995.15,421834.49,0.7,1401443.49,1226219.51,0.0,175223.98,175223.98,2026-06-18,2026-06-19,Met,-59,Critical
ACC10498,CL1138,US,Equity,1188494.75,881728.08,0.6,2198823.14,2399384.19,0.0,0.0,0.0,2026-07-17,2026-07-18,Met,-30,Low
ACC10499,CL1139,Singapore,Multi-Asset,207958.35,192592.49,0.5,384416.15,459860.63,0.0,0.0,0.0,2026-07-03,2026-07-04,Met,-44,Low
ACC10500,CL1140,Singapore,ETF,1040184.77,490146.66,0.5,978336.65,802564.05,0.0,175772.6,175772.6,2026-07-05,2026-07-06,Open,-42,Critical
ACC10501,CL1141,Hong Kong,Fixed Income,1188064.77,692241.46,0.65,1972197.89,2242692.06,0.0,0.0,0.0,2026-07-21,2026-07-23,Met,-25,Low
ACC10502,CL1142,UK,ETF,404921.54,304005.75,0.6,758119.08,845538.84,0.0,0.0,0.0,2026-06-18,2026-06-21,Met,-57,Low
ACC10503,CL1143,US,Equity,90094.0,53901.43,0.65,153565.33,124745.52,0.0,28819.81,28819.81,2026-08-11,2026-08-12,Open,-5,High
ACC10504,CL1144,Hong Kong,Equity,280445.17,226378.73,0.55,501948.4,451586.05,0.0,50362.35,50362.35,2026-06-30,2026-07-02,Open,-46,High
ACC10505,CL1145,Hong Kong,Fixed Income,1170271.01,970742.89,0.6,2420805.21,2190432.76,0.0,230372.45,230372.45,2026-07-14,2026-07-15,Overdue,-33,Critical
ACC10506,CL1146,US,Equity,434890.24,217992.2,0.5,435114.17,,0.0,0.0,0.0,2026-07-23,2026-07-25,Met,-23,Low
ACC10507,CL1147,Singapore,Equity,209090.68,147811.9,0.7,491069.44,388163.85,0.0,102905.59,102905.59,2026-06-10,2026-06-12,Met,-66,Critical
ACC10508,CL1148,Hong Kong,ETF,302979.01,213432.13,0.65,608068.75,668619.62,0.0,0.0,0.0,2026-07-22,2026-07-23,Met,-25,Low
ACC10509,CL1149,Singapore,Equity,831066.44,527428.33,0.7,1752253.59,1519372.7,0.0,232880.89,232880.89,2026-07-19,2026-07-20,Open,-28,Critical
ACC10510,CL1150,Hong Kong,ETF,666669.82,610977.84,0.55,1354718.05,1443364.26,0.0,0.0,0.0,2026-06-11,2026-06-13,Met,-65,Low
ACC10511,CL1151,UK,Equity,369830.82,319442.54,0.6,796614.81,724923.86,0.0,71690.95,71690.95,2026-08-05,2026-08-06,Met,-11,High
ACC10512,CL1152,UK,Fixed Income,336005.12,268335.27,0.65,764487.95,756216.1,0.0,8271.85,8271.85,2026-07-28,2026-07-29,Met,-19,Medium
ACC10513,CL1153,Singapore,Equity,329780.11,266186.41,0.55,590213.77,658859.11,0.0,0.0,0.0,2026-07-06,2026-07-07,Met,-41,Low
ACC10514,CL1154,Singapore,ETF,221503.21,150812.25,0.65,429664.53,473525.88,0.0,0.0,0.0,2026-07-03,2026-07-06,Met,-42,Low
ACC10515,CL1155,US,Equity,1485900.83,1352908.64,0.7,4494713.09,5093460.98,0.0,0.0,0.0,2026-07-17,2026-07-18,Met,-30,Low
ACC10516,CL1156,US,Equity,347409.56,276988.85,0.7,920228.74,671590.91,0.0,248637.83,248637.83,2026-06-13,2026-06-15,Overdue,-63,Critical
ACC10517,CL1157,US,Equity,1102255.28,897776.49,0.65,2557767.78,2675489.75,0.0,0.0,0.0,2026-07-10,2026-07-11,Met,-37,Low
ACC10518,CL1158,Hong Kong,ETF,1384690.27,1219698.13,0.55,2704430.44,2082394.37,0.0,622036.07,622036.07,2026-08-07,2026-08-09,Open,-8,Critical
ACC10519,CL1159,Singapore,ETF,935403.41,549115.28,0.55,1217550.51,1105425.41,0.0,112125.1,112125.1,2026-07-12,2026-07-14,Disputed,-34,Critical
ACC10520,CL1160,US,Equity,320066.72,273188.29,0.7,907602.29,884271.65,0.0,23330.64,23330.64,2026-06-19,2026-06-21,Met,-57,Medium
ACC10521,CL1161,UK,Fixed Income,598868.65,327952.63,0.5,654596.07,590033.09,0.0,64562.98,64562.98,2026-06-19,2026-06-20,Open,-58,High
ACC10522,CL1162,UK,Multi-Asset,434457.45,270524.04,0.65,770723.76,739745.16,0.0,30978.6,30978.6,2026-07-28,2026-07-30,Met,-18,High
ACC10523,CL1163,Singapore,Fixed Income,224633.08,138779.49,0.65,395383.16,473773.07,0.0,0.0,0.0,2026-06-23,2026-06-25,Met,-53,Low
ACC10524,CL1164,Singapore,Equity,564259.46,529987.88,0.65,1509936.98,1159040.7,0.0,350896.28,350896.28,2026-07-24,2026-07-25,Met,-23,Critical
ACC10525,CL1165,Hong Kong,ETF,182721.82,160478.84,0.7,533152.29,553267.07,0.0,0.0,0.0,2026-08-04,2026-08-05,Met,-12,Low
ACC10526,CL1166,UK,Equity,1078152.56,863152.69,0.55,1913864.06,1718650.85,0.0,195213.21,195213.21,2026-06-12,2026-06-13,Overdue,-65,Critical
ACC10527,CL1167,UK,Equity,312243.01,254018.55,0.6,633462.72,485552.28,0.0,147910.44,147910.44,2026-06-24,2026-06-25,Open,-53,Critical
ACC10528,CL1168,US,Multi-Asset,514458.28,376087.73,0.5,750674.11,585051.67,0.0,165622.44,165622.44,2026-07-04,2026-07-06,Overdue,-42,Critical
ACC10529,CL1169,US,Equity,547143.24,505311.59,0.6,1260128.65,1480193.17,0.0,0.0,0.0,2026-07-23,2026-07-24,Met,-24,Low
ACC10530,CL1170,Singapore,ETF,364332.16,254350.98,0.55,563971.13,642814.72,0.0,0.0,0.0,2026-06-08,2026-06-09,Met,-69,Low
ACC10531,CL1171,Hong Kong,ETF,686952.45,439827.39,0.6,1096826.41,1265212.28,0.0,0.0,0.0,2026-06-18,2026-06-20,Met,-58,Low
ACC10532,CL1172,Singapore,Fixed Income,309843.39,164687.24,0.65,469194.42,561046.92,0.0,0.0,0.0,2026-07-27,2026-07-28,Met,-20,Low
ACC10533,CL1173,Singapore,ETF,850409.24,716982.43,0.7,2382001.43,1915504.78,0.0,466496.65,466496.65,2026-06-05,2026-06-06,Met,-72,Critical
ACC10534,CL1174,UK,Equity,161218.4,131751.22,0.55,292131.31,256409.4,0.0,35721.91,35721.91,2026-06-26,2026-06-27,Overdue,-51,High
ACC10535,CL1175,Hong Kong,Equity,486399.06,312354.54,0.6,778939.0,805897.7,0.0,0.0,0.0,2026-06-30,2026-07-03,Met,-45,Low
ACC10536,CL1176,Singapore,ETF,1893990.9,876153.95,0.7,2910810.47,2741696.08,0.0,169114.39,169114.39,2026-07-24,2026-07-26,Met,-22,Critical
ACC10537,CL1177,Singapore,Equity,208929.36,181663.8,0.5,362602.4,329676.2,0.0,32926.2,32926.2,2026-06-13,2026-06-15,Overdue,-63,High
ACC10538,CL1178,US,Equity,266116.98,121271.9,0.5,242059.68,212747.61,0.0,29312.07,29312.07,2026-06-29,2026-06-30,Met,-48,High
ACC10539,CL1179,UK,Equity,650457.27,521569.09,0.55,1156472.48,1152876.22,0.0,3596.26,3596.26,2026-06-03,2026-06-05,Met,-73,Medium
ACC10540,CL1180,US,Equity,506199.6,473361.7,0.6,1180453.12,1166047.71,0.0,14405.41,14405.41,2026-07-28,2026-07-29,Open,-19,Medium
ACC10541,CL1001,Singapore,Equity,575487.38,384903.61,0.55,853444.81,666309.04,0.0,187135.77,187135.77,2026-08-15,2026-08-16,Disputed,-1,Critical
ACC10542,CL1002,UK,Equity,638508.55,362345.11,0.7,1203804.35,1126604.28,0.0,77200.07,77200.07,2026-06-02,2026-06-03,Met,-75,High
ACC10543,CL1003,US,ETF,712148.05,571452.88,0.6,1425069.53,1391916.55,0.0,33152.98,33152.98,2026-08-14,2026-08-16,Met,-1,High
ACC10544,CL1004,Hong Kong,Fixed Income,1016905.63,873078.64,0.6,2177253.47,2144907.04,0.0,32346.43,32346.43,2026-06-28,2026-06-29,Overdue,-49,High
ACC10545,CL1005,UK,Fixed Income,601609.59,435093.17,0.55,964729.87,776659.25,0.0,188070.62,188070.62,2026-08-15,2026-08-16,Met,-1,Critical
ACC10546,CL1006,US,Equity,369186.33,344641.95,0.6,859456.23,920594.25,0.0,0.0,0.0,2026-06-02,2026-06-03,Met,-75,Low
ACC10547,CL1007,US,Equity,732655.05,348622.45,0.65,993226.35,707772.65,0.0,285453.7,285453.7,2026-06-07,2026-06-08,Met,-70,Critical
ACC10548,CL1008,Hong Kong,Equity,1839329.11,1291940.72,0.65,3680742.79,3229542.35,0.0,451200.44,451200.44,2026-06-26,2026-06-28,Met,-50,Critical
ACC10549,CL1009,UK,ETF,400522.29,324113.44,0.65,923400.11,1006604.3,0.0,0.0,0.0,2026-08-15,2026-08-16,Met,-1,Low
ACC10550,CL1010,Hong Kong,Fixed Income,213011.84,187731.65,0.6,468158.73,459706.81,0.0,8451.92,8451.92,2026-06-16,2026-06-18,Met,-60,Medium
ACC10551,CL1011,UK,Equity,1014910.01,547673.66,0.7,1819513.82,1511254.0,0.0,308259.82,308259.82,2026-06-23,2026-06-24,Disputed,-54,Critical
ACC10552,CL1012,Singapore,Multi-Asset,404219.82,343587.55,0.65,978881.91,1025355.86,0.0,0.0,0.0,2026-07-10,2026-07-12,Met,-36,Low
ACC10553,CL1013,UK,Equity,86725.03,62993.03,0.65,179467.32,176541.19,0.0,2926.13,2926.13,2026-07-30,2026-08-01,Overdue,-16,Medium
ACC10554,CL1014,UK,ETF,835316.74,541516.5,0.5,1080871.26,1186928.3,0.0,0.0,0.0,2026-08-12,2026-08-13,Met,-4,Low
ACC10555,CL1015,Singapore,Fixed Income,296115.2,152753.25,0.5,304896.71,325481.08,0.0,0.0,0.0,2026-07-02,2026-07-03,Met,-45,Low
ACC10556,CL1016,UK,Multi-Asset,413370.7,364860.77,0.55,809003.92,813092.59,0.0,0.0,0.0,2026-06-15,2026-06-17,Met,-61,Low
ACC10557,CL1017,US,Fixed Income,567493.88,299998.04,0.65,854695.27,806908.26,0.0,47787.01,47787.01,2026-06-13,2026-06-15,Open,-63,High
ACC10558,CL1018,US,Fixed Income,510361.59,308714.63,0.6,769861.92,590169.27,0.0,179692.65,179692.65,2026-06-05,2026-06-06,Disputed,-72,Critical
ACC10559,CL1019,Hong Kong,Equity,753202.1,448172.4,0.6,1117636.91,928383.55,0.0,189253.36,189253.36,2026-08-14,2026-08-15,Open,-2,Critical
ACC10560,CL1020,UK,Fixed Income,319140.02,282664.56,0.7,939084.92,854144.44,0.0,84940.48,84940.48,2026-08-13,2026-08-15,Met,-2,High
ACC10561,CL1021,Hong Kong,Equity,650066.11,511180.46,0.7,1698273.95,1697678.95,0.0,595.0,595.0,2026-07-22,2026-07-24,Met,-24,Medium
ACC10562,CL1022,US,Multi-Asset,364156.86,308929.09,0.7,1026342.49,982059.84,0.0,44282.65,44282.65,2026-07-11,2026-07-12,Met,-36,High
ACC10563,CL1023,US,ETF,769970.79,442913.34,0.55,982069.49,828957.26,0.0,153112.23,153112.23,2026-07-23,2026-07-24,Met,-24,Critical
ACC10564,CL1024,US,Fixed Income,701885.53,535143.53,0.65,1524625.44,1072165.67,0.0,452459.77,452459.77,2026-07-20,2026-07-21,Disputed,-27,Critical
ACC10565,CL1025,US,ETF,219349.36,161413.27,0.55,357900.82,339332.79,0.0,18568.03,18568.03,2026-06-15,2026-06-17,Overdue,-61,Medium
ACC10566,CL1026,UK,ETF,998976.55,865528.46,0.55,1919131.84,1617469.25,0.0,301662.59,301662.59,2026-06-07,2026-06-08,Met,-70,Critical
ACC10567,CL1027,UK,ETF,295974.16,267277.55,0.55,592633.15,632519.82,0.0,0.0,0.0,2026-07-10,2026-07-13,Met,-35,Low
ACC10568,CL1028,UK,Fixed Income,811016.23,369886.97,0.6,922411.4,656732.13,0.0,265679.27,265679.27,2026-06-28,2026-06-29,Open,-49,Critical
ACC10569,CL1029,Singapore,Equity,582721.99,458608.01,0.6,1143660.87,1134984.95,0.0,8675.92,8675.92,2026-07-02,2026-07-03,Overdue,-45,Medium
ACC10570,CL1030,US,Equity,1756155.77,835785.97,0.65,2381156.61,2787708.43,0.0,0.0,0.0,2026-06-15,2026-06-17,Met,-61,Low
ACC10571,CL1031,UK,Equity,374145.68,271042.11,0.5,541002.22,425879.45,0.0,115122.77,115122.77,2026-08-09,2026-08-12,Disputed,-5,Critical
ACC10572,CL1032,Hong Kong,Equity,340446.2,202162.52,0.65,575961.6,538999.12,0.0,36962.48,36962.48,2026-08-04,2026-08-06,Overdue,-11,High
ACC10573,CL1033,UK,Multi-Asset,436016.47,263087.24,0.6,656077.91,489244.51,0.0,166833.4,166833.4,2026-06-04,2026-06-05,Open,-73,Critical
ACC10574,CL1034,UK,Equity,352432.77,220791.82,0.55,489560.58,495847.01,0.0,0.0,0.0,2026-06-11,2026-06-13,Met,-65,Low
ACC10575,CL1035,Singapore,Multi-Asset,806094.63,613152.84,0.6,1529059.45,1491239.45,0.0,37820.0,37820.0,2026-06-26,2026-06-28,Overdue,-50,High
ACC10576,CL1036,Singapore,Equity,131632.21,81220.36,0.55,180089.49,162743.77,0.0,17345.72,17345.72,2026-07-31,2026-08-01,Open,-16,Medium
ACC10577,CL1037,US,Equity,200734.45,163869.47,0.6,408652.04,392587.32,0.0,16064.72,16064.72,2026-07-07,2026-07-08,Open,-40,Medium
ACC10578,CL1038,Singapore,Fixed Income,198619.82,129552.5,0.6,323073.57,370981.29,0.0,0.0,0.0,2026-06-23,2026-06-24,Met,-54,Low
ACC10579,CL1039,UK,Fixed Income,902325.59,436884.94,0.55,968702.75,773167.34,0.0,195535.41,195535.41,2026-07-10,2026-07-11,Met,-37,Critical
ACC10580,CL1040,US,ETF,1595918.56,1343571.79,0.5,2681780.02,1907502.54,0.0,774277.48,774277.48,2026-06-23,2026-06-26,Met,-52,Critical
ACC10581,CL1041,UK,ETF,409078.8,242534.3,0.6,604823.69,683954.25,0.0,0.0,0.0,2026-06-16,2026-06-17,Met,-61,Low
ACC10582,CL1042,Singapore,Fixed Income,389797.91,259754.87,0.7,862972.99,853099.32,0.0,9873.67,9873.67,2026-07-31,2026-08-03,Open,-14,Medium
ACC10583,CL1043,UK,Equity,466278.85,369629.48,0.6,921769.28,1055729.3,0.0,0.0,0.0,2026-08-07,2026-08-08,Met,-9,Low
ACC10584,CL1044,US,Multi-Asset,1057489.99,651655.02,0.65,1856567.01,1853731.31,0.0,2835.7,2835.7,2026-07-01,2026-07-03,Met,-45,Medium
ACC10585,CL1045,UK,Multi-Asset,220683.57,105551.37,0.65,300716.15,332315.57,0.0,0.0,0.0,2026-07-23,2026-07-24,Met,-24,Low
ACC10586,CL1046,US,Fixed Income,529017.47,336963.24,0.7,1119479.2,1024140.64,0.0,95338.56,95338.56,2026-06-25,2026-06-26,Met,-52,High
ACC10587,CL1047,US,Equity,919327.98,847826.59,0.65,2415460.37,2596450.73,0.0,0.0,0.0,2026-07-14,2026-07-15,Met,-33,Low
ACC10588,CL1048,US,Fixed Income,644236.15,496620.52,0.6,1238455.16,1432299.07,0.0,0.0,0.0,2026-06-12,2026-06-13,Met,-65,Low
ACC10589,CL1049,US,Equity,510010.31,400735.28,0.65,1141695.95,1125782.4,0.0,15913.55,15913.55,2026-06-09,2026-06-11,Overdue,-67,Medium
ACC10590,CL1050,US,Equity,937324.27,718122.63,0.7,2385789.47,1885710.28,0.0,500079.19,500079.19,2026-06-12,2026-06-13,Met,-65,Critical
ACC10591,CL1051,US,Equity,58254.45,32010.59,0.6,79826.91,66607.48,0.0,13219.43,13219.43,2026-08-08,2026-08-10,Open,-7,Medium
ACC10592,CL1052,UK,ETF,735574.05,484866.09,0.6,1209142.37,966494.45,0.0,242647.92,242647.92,2026-07-24,2026-07-25,Open,-23,Critical
ACC10593,CL1053,US,Multi-Asset,270883.26,223605.98,0.5,446319.32,367512.05,0.0,78807.27,78807.27,2026-07-24,2026-07-25,Disputed,-23,High
ACC10594,CL1054,US,Fixed Income,112086.41,56120.15,0.65,159886.47,136416.37,0.0,23470.1,23470.1,2026-06-28,2026-06-29,Open,-49,Medium
ACC10595,CL1055,Singapore,Fixed Income,649138.87,382295.01,0.65,1089159.57,1064726.34,0.0,24433.23,24433.23,2026-07-26,2026-07-29,Met,-19,Medium
ACC10596,CL1056,UK,Equity,1239531.33,729042.19,0.5,1455174.03,1446436.9,0.0,8737.13,8737.13,2026-08-08,2026-08-10,Open,-7,Medium
ACC10597,CL1057,Hong Kong,Equity,399078.58,265790.11,0.6,662818.23,605318.66,0.0,57499.57,57499.57,2026-07-28,2026-07-29,Overdue,-19,High
ACC10598,CL1058,US,Equity,904064.43,849987.25,0.6,2119668.95,2136012.42,0.0,0.0,0.0,2026-08-14,2026-08-15,Met,-2,Low
ACC10599,CL1059,US,Multi-Asset,1482452.98,717138.52,0.5,1431414.21,1060373.7,0.0,371040.51,371040.51,2026-07-12,2026-07-13,Disputed,-35,Critical
ACC10600,CL1060,US,Equity,1186105.54,841364.55,0.7,2795231.06,2079355.95,0.0,715875.11,715875.11,2026-07-08,2026-07-11,Met,-37,Critical
ACC10601,CL1061,US,Multi-Asset,1513557.5,816840.25,0.55,1811175.72,1423429.68,0.0,387746.04,387746.04,2026-08-07,2026-08-09,Met,-8,Critical
ACC10602,CL1062,US,ETF,771888.68,721977.02,0.5,1441071.9,,0.0,59028.11,59028.11,2026-07-23,2026-07-24,Disputed,-24,High
ACC10603,CL1063,US,Equity,468164.6,237196.41,0.6,591512.24,477348.8,0.0,114163.44,114163.44,2026-07-03,2026-07-05,Met,-43,Critical
ACC10604,CL1064,US,Fixed Income,133056.04,86725.99,0.65,247082.59,207955.14,0.0,39127.45,39127.45,2026-08-10,2026-08-11,Open,-6,High
ACC10605,CL1065,US,ETF,367858.32,301254.81,0.5,601307.01,541270.36,0.0,60036.65,60036.65,2026-07-26,2026-07-29,Met,-19,High
ACC10606,CL1066,UK,Multi-Asset,235052.71,188577.43,0.65,537257.64,594170.99,0.0,0.0,0.0,2026-08-11,2026-08-12,Met,-5,Low
ACC10607,CL1067,US,Multi-Asset,2253977.61,1490700.37,0.6,3717457.28,2627986.05,0.0,1089471.23,1089471.23,2026-07-21,2026-07-23,Met,-25,Critical
ACC10608,CL1068,US,Equity,387738.2,241662.52,0.5,482360.32,494269.51,0.0,0.0,0.0,2026-08-13,2026-08-14,Met,-3,Low
ACC10609,CL1069,UK,Equity,485242.29,314828.2,0.55,698066.96,722107.18,0.0,0.0,0.0,2026-07-13,2026-07-15,Met,-33,Low
ACC10610,CL1070,Hong Kong,ETF,669049.97,389479.5,0.6,971270.57,1067744.83,0.0,0.0,0.0,2026-06-15,2026-06-17,Met,-61,Low
ACC10611,CL1071,US,Multi-Asset,457120.28,252635.05,0.55,560166.41,653364.92,0.0,0.0,0.0,2026-07-08,2026-07-10,Met,-38,Low
ACC10612,CL1072,Hong Kong,Equity,1577399.69,1090803.2,0.7,3623930.9,2573240.72,0.0,1050690.18,1050690.18,2026-06-15,2026-06-17,Met,-61,Critical
ACC10613,CL1073,UK,ETF,277343.75,162042.77,0.65,461660.31,358660.13,0.0,103000.18,103000.18,2026-06-05,2026-06-07,Met,-71,Critical
ACC10614,CL1074,US,ETF,511936.36,303952.4,0.7,1009808.64,1154297.76,0.0,0.0,0.0,2026-07-24,2026-07-25,Met,-23,Low
ACC10615,CL1075,Singapore,Fixed Income,253507.09,197324.35,0.55,437526.27,406575.35,0.0,30950.92,30950.92,2026-07-21,2026-07-22,Open,-26,High
ACC10616,CL1076,Singapore,Equity,164387.73,153582.31,0.7,510240.23,501206.59,0.0,9033.64,9033.64,2026-06-10,2026-06-11,Disputed,-67,Medium
ACC10617,CL1077,US,Fixed Income,279616.19,210220.65,0.6,524241.02,540761.74,0.0,0.0,0.0,2026-06-12,2026-06-15,Met,-63,Low
ACC10618,CL1078,US,Multi-Asset,430293.32,210193.87,0.6,524174.24,544896.58,0.0,0.0,0.0,2026-06-04,2026-06-05,Met,-73,Low
ACC10619,CL1079,Hong Kong,Equity,320623.67,156397.6,0.5,312170.86,363950.7,0.0,0.0,0.0,2026-06-18,2026-06-20,Met,-58,Low
ACC10620,CL1080,Hong Kong,Equity,263203.89,243650.9,0.5,486329.14,582853.17,0.0,0.0,0.0,2026-07-06,2026-07-08,Met,-40,Low
ACC10621,CL1081,US,Multi-Asset,154085.34,92242.48,0.65,262799.09,278587.73,0.0,0.0,0.0,2026-06-25,2026-06-26,Met,-52,Low
ACC10622,CL1082,US,Equity,415679.92,206191.16,0.6,514192.42,433778.18,0.0,80414.24,80414.24,2026-08-15,2026-08-16,Met,-1,High
ACC10623,CL1083,US,Multi-Asset,143123.01,107273.89,0.55,237857.85,271128.5,0.0,0.0,0.0,2026-07-06,2026-07-07,Met,-41,Low
ACC10624,CL1084,UK,ETF,782337.86,596004.06,0.6,1486294.41,1076984.47,0.0,409309.94,409309.94,2026-08-06,2026-08-07,Overdue,-10,Critical
ACC10625,CL1085,UK,Equity,470631.09,364387.26,0.55,807954.01,658919.16,0.0,149034.85,149034.85,2026-06-09,2026-06-10,Met,-68,Critical
ACC10626,CL1086,US,Multi-Asset,148276.84,86549.34,0.6,215833.77,247926.71,0.0,0.0,0.0,2026-07-31,2026-08-01,Met,-16,Low
ACC10627,CL1087,UK,Equity,350842.68,160529.94,0.6,400324.04,331506.64,0.0,68817.4,68817.4,2026-07-23,2026-07-25,Open,-23,High
ACC10628,CL1088,Hong Kong,ETF,251672.19,234686.25,0.65,668621.79,541801.31,0.0,126820.48,126820.48,2026-06-18,2026-06-21,Met,-57,Critical
ACC10629,CL1089,US,Equity,562069.55,323440.97,0.65,921484.25,708679.12,0.0,212805.13,212805.13,2026-07-13,2026-07-14,Disputed,-34,Critical
ACC10630,CL1090,US,ETF,1209040.75,952740.0,0.6,2375910.22,2683723.36,0.0,0.0,0.0,2026-07-05,2026-07-06,Met,-42,Low
ACC10631,CL1091,Hong Kong,Equity,108404.04,87082.58,0.6,217163.54,206311.69,0.0,10851.85,10851.85,2026-08-02,2026-08-03,Overdue,-14,Medium
ACC10632,CL1092,Singapore,Equity,482274.9,364119.34,0.6,908028.28,942030.85,0.0,0.0,0.0,2026-06-04,2026-06-06,Met,-72,Low
ACC10633,CL1093,UK,Multi-Asset,392346.4,237939.92,0.65,677891.51,555554.59,0.0,122336.92,122336.92,2026-07-11,2026-07-13,Open,-35,Critical
ACC10634,CL1094,UK,Equity,731977.5,428608.05,0.6,1068848.0,1153308.59,0.0,0.0,0.0,2026-07-15,2026-07-16,Met,-32,Low
ACC10635,CL1095,US,Fixed Income,519123.7,388737.55,0.55,861945.79,930903.84,0.0,0.0,0.0,2026-07-20,2026-07-21,Met,-27,Low
ACC10636,CL1096,UK,Equity,251707.51,222269.77,0.5,443652.24,379898.97,0.0,63753.27,63753.27,2026-06-28,2026-06-30,Overdue,-48,High
ACC10637,CL1097,UK,Fixed Income,348261.72,321573.33,0.6,801928.5,726019.0,0.0,75909.5,75909.5,2026-07-12,2026-07-14,Open,-34,High
ACC10638,CL1098,US,Equity,243526.39,122482.3,0.6,305442.14,245833.62,0.0,59608.52,59608.52,2026-08-15,2026-08-16,Disputed,-1,High
ACC10639,CL1099,US,Multi-Asset,991530.86,522947.56,0.65,1489879.09,1770394.29,0.0,0.0,0.0,2026-08-08,2026-08-10,Met,-7,Low
ACC10640,CL1100,US,ETF,449541.63,414642.87,0.55,919385.52,940348.69,0.0,0.0,0.0,2026-06-01,2026-06-02,Met,-76,Low
ACC10641,CL1101,US,Equity,1841135.42,1506541.49,0.6,3756961.32,4385395.53,0.0,0.0,0.0,2026-07-09,2026-07-10,Met,-38,Low
ACC10642,CL1102,US,Equity,422736.52,376868.3,0.65,1073698.86,914461.56,0.0,159237.3,159237.3,2026-06-17,2026-06-19,Overdue,-59,Critical
ACC10643,CL1103,US,Equity,260067.09,143379.23,0.65,408487.83,445637.94,0.0,0.0,0.0,2026-07-05,2026-07-07,Met,-41,Low
ACC10644,CL1104,US,ETF,142160.82,105738.21,0.6,263686.31,285553.64,0.0,0.0,0.0,2026-07-16,2026-07-17,Met,-31,Low
ACC10645,CL1105,US,Equity,114421.61,91602.49,0.6,228435.14,238903.83,0.0,0.0,0.0,2026-07-12,2026-07-15,Met,-33,Low
ACC10646,CL1106,Singapore,Fixed Income,134847.26,106536.88,0.55,236223.68,279409.97,0.0,0.0,0.0,2026-07-09,2026-07-10,Met,-38,Low
ACC10647,CL1107,UK,Equity,540551.39,353561.61,0.7,1174623.29,1053375.93,0.0,121247.36,121247.36,2026-07-19,2026-07-21,Disputed,-27,Critical
ACC10648,CL1108,Hong Kong,Equity,647933.77,296557.63,0.5,591931.4,453039.82,0.0,138891.58,138891.58,2026-08-01,2026-08-02,Open,-15,Critical
ACC10649,CL1109,Hong Kong,ETF,135145.46,100205.36,0.7,332908.17,344844.4,0.0,0.0,0.0,2026-07-08,2026-07-10,Met,-38,Low
ACC10650,CL1110,UK,Fixed Income,865687.04,499112.53,0.65,1421973.02,1513910.54,0.0,0.0,0.0,2026-06-23,2026-06-26,Met,-52,Low
ACC10651,CL1111,US,Equity,307953.54,207907.79,0.6,518473.29,512008.08,0.0,6465.21,6465.21,2026-06-22,2026-06-23,Met,-55,Medium
ACC10652,CL1112,UK,Equity,493903.17,458732.58,0.5,915633.89,735628.46,0.0,180005.43,180005.43,2026-06-04,2026-06-07,Open,-71,Critical
ACC10653,CL1113,UK,Equity,1482388.91,962837.77,0.6,2401091.7,2286386.68,0.0,114705.02,114705.02,2026-07-19,2026-07-21,Met,-27,Critical
ACC10654,CL1114,Hong Kong,Fixed Income,866857.16,754079.74,0.6,1880498.1,1609884.77,0.0,270613.33,270613.33,2026-07-29,2026-07-31,Open,-17,Critical
ACC10655,CL1115,UK,Fixed Income,361711.43,196868.79,0.55,436516.16,398859.34,0.0,37656.82,37656.82,2026-08-12,2026-08-13,Open,-4,High
ACC10656,CL1116,US,ETF,226750.56,178278.15,0.65,507914.96,519398.56,0.0,0.0,0.0,2026-08-07,2026-08-09,Met,-8,Low
ACC10657,CL1117,US,Fixed Income,88092.13,82674.77,0.7,274667.01,294609.86,0.0,0.0,0.0,2026-08-10,2026-08-12,Met,-5,Low
ACC10658,CL1118,US,Fixed Income,257979.4,129233.89,0.6,322279.03,263015.9,0.0,59263.13,59263.13,2026-06-02,2026-06-03,Open,-75,High
ACC10659,CL1119,UK,ETF,377623.26,171501.37,0.65,488607.89,441048.11,0.0,47559.78,47559.78,2026-07-19,2026-07-22,Met,-26,High
ACC10660,CL1120,UK,Multi-Asset,211000.41,140693.26,0.5,280824.87,234371.04,0.0,46453.83,46453.83,2026-07-01,2026-07-02,Met,-46,High
ACC10661,CL1121,US,Equity,400936.07,198989.68,0.6,496233.62,396647.38,0.0,99586.24,99586.24,2026-07-10,2026-07-11,Open,-37,High
ACC10662,CL1122,Singapore,Equity,468662.85,386268.25,0.5,770994.51,841689.78,0.0,0.0,0.0,2026-07-18,2026-07-19,Met,-29,Low
ACC10663,CL1123,UK,Equity,373755.83,339099.07,0.6,845633.59,976390.82,0.0,0.0,0.0,2026-07-21,2026-07-23,Met,-25,Low
ACC10664,CL1124,US,Equity,271712.03,181234.77,0.7,602108.87,532936.25,0.0,69172.62,69172.62,2026-07-13,2026-07-15,Disputed,-33,High
ACC10665,CL1125,US,ETF,502068.08,290876.06,0.65,828706.72,891389.65,0.0,0.0,0.0,2026-07-25,2026-07-26,Met,-22,Low
ACC10666,CL1126,US,Multi-Asset,616279.26,411182.54,0.5,820723.63,942599.16,0.0,0.0,0.0,2026-07-19,2026-07-22,Met,-26,Low
ACC10667,CL1127,US,Equity,195282.15,158515.19,0.6,395299.73,443946.15,0.0,0.0,0.0,2026-07-27,2026-07-28,Met,-20,Low
ACC10668,CL1128,US,Equity,1274671.79,579372.85,0.6,1444820.07,1143440.28,0.0,301379.79,301379.79,2026-06-15,2026-06-16,Met,-62,Critical
ACC10669,CL1129,US,ETF,410880.99,305994.16,0.6,763077.71,899016.91,0.0,0.0,0.0,2026-06-27,2026-06-28,Met,-50,Low
ACC10670,CL1130,US,Multi-Asset,448712.31,339516.3,0.65,967282.91,859274.38,0.0,108008.53,108008.53,2026-08-07,2026-08-09,Met,-8,Critical
ACC10671,CL1131,US,Equity,752503.42,578557.83,0.65,1648312.91,1433406.42,0.0,214906.49,214906.49,2026-08-03,2026-08-06,Overdue,-11,Critical
ACC10672,CL1132,Singapore,ETF,526976.96,300909.66,0.6,750398.15,548702.88,0.0,201695.27,201695.27,2026-06-30,2026-07-02,Open,-46,Critical
ACC10673,CL1133,US,Equity,904242.16,729747.26,0.6,1819818.6,1716246.95,0.0,103571.65,103571.65,2026-07-06,2026-07-08,Met,-40,Critical
ACC10674,CL1134,UK,Equity,548719.75,271998.04,0.55,603099.87,455042.96,0.0,148056.91,148056.91,2026-08-06,2026-08-07,Met,-10,Critical
ACC10675,CL1135,UK,Multi-Asset,279476.08,153609.88,0.5,306606.55,252726.55,0.0,53880.0,53880.0,2026-07-19,2026-07-20,Met,-28,High
ACC10676,CL1136,Singapore,Multi-Asset,580199.71,515643.8,0.6,1285894.76,1103903.76,0.0,181991.0,181991.0,2026-08-15,2026-08-16,Disputed,-1,Critical
ACC10677,CL1137,US,Equity,187625.9,153733.45,0.6,383375.19,423404.61,0.0,0.0,0.0,2026-07-25,2026-07-26,Met,-22,Low
ACC10678,CL1138,UK,,479941.63,219272.27,0.65,624707.32,710757.21,0.0,0.0,0.0,2026-07-26,2026-07-27,Met,-21,Low
ACC10679,CL1139,Singapore,ETF,431523.61,247775.73,0.65,705913.76,600897.2,0.0,105016.56,105016.56,2026-08-07,2026-08-09,Met,-8,Critical
ACC10680,CL1140,Singapore,Multi-Asset,378477.67,210888.98,0.5,420936.09,475383.78,0.0,0.0,0.0,2026-07-14,2026-07-15,Met,-33,Low
ACC10681,CL1141,Hong Kong,ETF,401754.65,235188.44,0.6,586504.84,661938.43,0.0,0.0,0.0,2026-07-01,2026-07-03,Met,-45,Low
ACC10682,CL1142,US,ETF,107862.57,61889.37,0.55,137226.98,148524.26,0.0,0.0,0.0,2026-07-28,2026-07-29,Met,-19,Low
ACC10683,CL1143,US,ETF,293154.87,141084.64,0.55,312826.25,241923.42,0.0,70902.83,70902.83,2026-07-23,2026-07-24,Met,-24,High
ACC10684,CL1144,Hong Kong,Fixed Income,474318.2,322285.11,0.65,918191.2,959658.02,0.0,0.0,0.0,2026-06-23,2026-06-25,Met,-53,Low
ACC10685,CL1145,Singapore,Equity,498765.98,407175.96,0.5,812726.47,952931.57,0.0,0.0,0.0,2026-06-28,2026-06-29,Met,-49,Low
ACC10686,CL1146,UK,Equity,204688.31,154205.19,0.6,384551.6,400422.14,0.0,0.0,0.0,2026-06-16,2026-06-18,Met,-60,Low
ACC10687,CL1147,UK,Equity,1143130.24,898998.58,0.55,1993344.97,1725854.87,0.0,267490.1,267490.1,2026-07-07,2026-07-09,Met,-39,Critical
ACC10688,CL1148,US,Fixed Income,231045.25,113344.93,0.7,376561.23,357842.24,0.0,18718.99,18718.99,2026-06-21,2026-06-22,Met,-56,Medium
ACC10689,CL1149,Hong Kong,Equity,915378.48,847407.38,0.6,2113235.36,2161549.25,0.0,0.0,0.0,2026-06-17,2026-06-20,Met,-58,Low
ACC10690,CL1150,US,Fixed Income,609500.94,529806.2,0.55,1174736.59,1122208.48,0.0,52528.11,52528.11,2026-07-07,2026-07-08,Overdue,-40,High
ACC10691,CL1151,US,Multi-Asset,272482.46,232303.6,0.6,579310.72,440262.52,0.0,139048.2,139048.2,2026-06-19,2026-06-20,Met,-58,Critical
ACC10692,CL1152,UK,Equity,1675267.09,1443229.03,0.65,4111763.62,3519801.33,0.0,591962.29,591962.29,2026-06-30,2026-07-02,Met,-46,Critical
ACC10693,CL1153,UK,Fixed Income,180732.33,165615.02,0.7,550216.01,605896.78,0.0,0.0,0.0,2026-07-15,2026-07-16,Met,-32,Low
ACC10694,CL1154,US,Equity,881487.09,636545.61,0.55,1411409.33,1595893.26,0.0,0.0,0.0,2026-06-18,2026-06-20,Met,-58,Low
ACC10695,CL1155,US,Multi-Asset,936998.29,515481.18,0.7,1712562.06,1316360.86,0.0,396201.2,396201.2,2026-08-01,2026-08-03,Open,-14,Critical
ACC10696,CL1156,UK,Equity,267542.8,202902.27,0.7,674093.92,792864.8,0.0,0.0,0.0,2026-07-06,2026-07-09,Met,-39,Low
ACC10697,CL1157,US,Fixed Income,1257138.89,1032665.11,0.7,3430781.1,2965605.98,0.0,465175.12,465175.12,2026-07-22,2026-07-23,Met,-25,Critical
ACC10698,CL1158,UK,Fixed Income,366760.79,300361.94,0.65,855732.02,882393.95,0.0,0.0,0.0,2026-06-19,2026-06-20,Met,-58,Low
ACC10699,CL1159,US,Multi-Asset,549366.03,390447.9,0.65,1112387.18,1196831.35,0.0,0.0,0.0,2026-07-14,2026-07-16,Met,-32,Low
ACC10700,CL1160,UK,Fixed Income,537799.65,260418.38,0.6,649422.39,718243.71,0.0,0.0,0.0,2026-06-07,2026-06-08,Met,-70,Low
ACC10701,CL1161,UK,ETF,400019.45,254234.95,0.65,724316.1,849532.14,0.0,0.0,0.0,2026-07-14,2026-07-15,Met,-33,Low
ACC10702,CL1162,US,ETF,812690.97,739860.29,0.6,1845038.13,1580200.94,0.0,264837.19,264837.19,2026-08-07,2026-08-08,Met,-9,Critical
ACC10703,CL1163,US,Multi-Asset,802202.65,595414.42,0.65,1696337.38,1915594.46,0.0,0.0,0.0,2026-07-04,2026-07-05,Met,-43,Low
ACC10704,CL1164,US,ETF,119205.12,85728.27,0.6,213786.21,163726.77,0.0,50059.44,50059.44,2026-08-05,2026-08-06,Overdue,-11,High
ACC10705,CL1165,US,Equity,1176736.14,687716.09,0.65,1959305.1,2062208.69,0.0,0.0,0.0,2026-08-08,2026-08-10,Met,-7,Low
ACC10706,CL1166,Singapore,Multi-Asset,127151.05,80642.31,0.65,229750.17,246059.87,0.0,0.0,0.0,2026-07-25,2026-07-27,Met,-21,Low
ACC10707,CL1167,US,Fixed Income,959732.28,861525.8,0.55,1910256.76,1984492.43,0.0,0.0,0.0,2026-06-10,2026-06-11,Met,-67,Low
ACC10708,CL1168,Hong Kong,Fixed Income,1029958.28,806695.79,0.65,2298278.6,1898739.8,0.0,399538.8,399538.8,2026-07-12,2026-07-13,Overdue,-35,Critical
ACC10709,CL1169,US,Equity,195199.07,164688.19,0.6,410693.74,466762.3,0.0,0.0,0.0,2026-07-11,2026-07-12,Met,-36,Low
ACC10710,CL1170,Hong Kong,Fixed Income,325100.38,220149.11,0.65,627205.44,491998.28,0.0,135207.16,135207.16,2026-08-08,2026-08-10,Disputed,-7,Critical
ACC10711,CL1171,Hong Kong,Equity,193053.28,147709.62,0.6,368353.17,267725.49,0.0,100627.68,100627.68,2026-06-10,2026-06-11,Overdue,-67,Critical
ACC10712,CL1172,UK,Fixed Income,376551.17,216212.6,0.6,539183.54,570851.13,0.0,0.0,0.0,2026-06-10,2026-06-12,Met,-66,Low
ACC10713,CL1173,UK,Equity,351151.94,281880.34,0.7,936479.53,878172.31,0.0,58307.22,58307.22,2026-07-30,2026-07-31,Open,-17,High
ACC10714,CL1174,UK,Fixed Income,793925.89,527008.54,0.55,1168533.35,1314073.02,0.0,0.0,0.0,2026-07-21,2026-07-23,Met,-25,Low
ACC10715,CL1175,US,Multi-Asset,1182015.46,793454.78,0.65,2260554.93,2015733.6,0.0,244821.33,244821.33,2026-06-21,2026-06-22,Met,-56,Critical
ACC10716,CL1176,Singapore,Equity,1260177.14,976210.29,0.6,2434439.63,1908939.77,0.0,525499.86,525499.86,2026-06-08,2026-06-10,Overdue,-68,Critical
ACC10717,CL1177,Hong Kong,Multi-Asset,290214.03,266457.2,0.6,664481.8,743037.57,0.0,0.0,0.0,2026-08-04,2026-08-05,Met,-12,Low
ACC10718,CL1178,Singapore,Equity,378164.13,182276.31,0.55,404160.33,393835.98,0.0,10324.35,10324.35,2026-06-30,2026-07-02,Overdue,-46,Medium
ACC10719,CL1179,US,Multi-Asset,125169.16,107942.33,0.6,269182.87,213892.14,0.0,55290.73,55290.73,2026-07-19,2026-07-20,Overdue,-28,High
ACC10720,CL1180,Hong Kong,Fixed Income,241735.02,144120.38,0.6,359402.44,381035.59,0.0,0.0,0.0,2026-06-09,2026-06-11,Met,-67,Low
ACC10721,CL1001,Singapore,ETF,912222.06,612976.49,0.5,1223505.97,1169129.47,0.0,54376.5,54376.5,2026-06-17,2026-06-19,Open,-59,High
ACC10722,CL1002,US,Fixed Income,1486131.69,685042.31,0.55,1518940.82,1522216.4,0.0,0.0,0.0,2026-08-08,2026-08-09,Met,-8,Low
ACC10723,CL1003,US,Multi-Asset,175297.24,105270.03,0.5,210119.82,195505.81,0.0,14614.01,14614.01,2026-07-28,2026-07-30,Met,-18,Medium
ACC10724,CL1004,Hong Kong,Equity,283694.09,198959.1,0.7,660993.69,736581.29,0.0,0.0,0.0,2026-07-27,2026-07-29,Met,-19,Low
ACC10725,CL1005,UK,Equity,433737.89,207364.9,0.7,688919.93,767995.1,0.0,0.0,0.0,2026-08-01,2026-08-02,Met,-15,Low
ACC10726,CL1006,Singapore,Fixed Income,545861.67,379672.92,0.6,946815.26,998600.76,0.0,0.0,0.0,2026-07-22,2026-07-23,Met,-25,Low
ACC10727,CL1007,US,Fixed Income,241059.09,220220.81,0.65,627409.72,472251.73,0.0,155157.99,155157.99,2026-07-31,2026-08-01,Overdue,-16,Critical
ACC10728,CL1008,Hong Kong,Fixed Income,608070.3,305674.88,0.6,762281.5,853318.44,0.0,0.0,0.0,2026-07-10,2026-07-12,Met,-36,Low
ACC10729,CL1009,US,Fixed Income,310090.82,258063.9,0.65,735224.79,761330.04,0.0,0.0,0.0,2026-07-08,2026-07-10,Met,-38,Low
ACC10730,CL1010,US,Equity,437643.88,286584.76,0.65,816480.8,856089.98,0.0,0.0,0.0,2026-07-13,2026-07-14,Met,-34,Low
ACC10731,CL1011,US,Fixed Income,666445.19,518219.02,0.7,1721657.87,1517626.64,0.0,204031.23,204031.23,2026-08-02,2026-08-03,Overdue,-14,Critical
ACC10732,CL1012,Hong Kong,Equity,444549.51,257891.31,0.6,643120.47,732925.67,0.0,0.0,0.0,2026-06-19,2026-06-21,Met,-57,Low
ACC10733,CL1013,Hong Kong,ETF,318924.79,168949.17,0.65,481336.67,511509.64,0.0,0.0,0.0,2026-07-20,2026-07-23,Met,-25,Low
ACC10734,CL1014,UK,Equity,407498.55,216068.49,0.55,479087.56,362331.64,0.0,116755.92,116755.92,2026-07-03,2026-07-04,Disputed,-44,Critical
ACC10735,CL1015,US,Equity,414044.1,200913.23,0.7,667485.81,603333.09,0.0,64152.72,64152.72,2026-06-13,2026-06-16,Met,-62,High
ACC10736,CL1016,Singapore,Equity,335203.04,181956.04,0.5,363185.71,415190.34,0.0,0.0,0.0,2026-08-01,2026-08-02,Met,-15,Low
ACC10737,CL1017,UK,Equity,364361.93,284971.0,0.6,710650.87,514225.8,0.0,196425.07,196425.07,2026-07-13,2026-07-14,Met,-34,Critical
ACC10738,CL1018,Hong Kong,Fixed Income,1467374.6,1307203.77,0.65,3724227.26,4397226.07,0.0,0.0,0.0,2026-07-19,2026-07-21,Met,-27,Low
ACC10739,CL1019,UK,Equity,673800.66,577489.51,0.65,1645269.26,1710391.13,0.0,0.0,0.0,2026-07-06,2026-07-07,Met,-41,Low
ACC10740,CL1020,US,Equity,354473.82,280944.31,0.55,622936.39,632709.01,0.0,0.0,0.0,2026-06-10,2026-06-11,Met,-67,Low
ACC10741,CL1021,UK,Equity,746175.27,376979.63,0.7,1252424.02,1046124.27,0.0,206299.75,206299.75,2026-06-06,2026-06-07,Met,-71,Critical
ACC10742,CL1022,US,Equity,344426.29,204793.71,0.55,454088.05,374348.32,0.0,79739.73,79739.73,2026-07-27,2026-07-29,Overdue,-19,High
ACC10743,CL1023,Hong Kong,Equity,1066447.38,645097.69,0.65,1837885.16,2152217.02,0.0,0.0,0.0,2026-06-01,2026-06-03,Met,-75,Low
ACC10744,CL1024,UK,Equity,583752.08,335644.88,0.55,744223.68,631947.29,0.0,112276.39,112276.39,2026-08-10,2026-08-11,Met,-6,Critical
ACC10745,CL1025,US,ETF,408204.43,288805.79,0.55,640367.61,696561.56,0.0,0.0,0.0,2026-07-28,2026-07-29,Met,-19,Low
ACC10746,CL1026,Singapore,Fixed Income,618954.9,444271.53,0.6,1107909.05,993307.93,0.0,114601.12,114601.12,2026-06-21,2026-06-22,Met,-56,Critical
ACC10747,CL1027,UK,ETF,136194.99,85590.79,0.6,213443.37,164271.79,0.0,49171.58,49171.58,2026-07-26,2026-07-28,Disputed,-20,High
ACC10748,CL1028,UK,ETF,190027.56,119127.25,0.55,264140.24,186313.34,0.0,77826.9,77826.9,2026-06-20,2026-06-21,Met,-57,High
ACC10749,CL1029,Singapore,Equity,180693.27,156169.18,0.55,346273.13,336622.04,0.0,9651.09,9651.09,2026-07-24,2026-07-26,Overdue,-22,Medium
ACC10750,CL1030,UK,Multi-Asset,492479.11,415970.72,0.6,1037333.47,1232237.44,0.0,0.0,0.0,2026-06-25,2026-06-26,Met,-52,Low
